Coin,Item,Prices,MrkCap,TolVol
Bitcoin,2022-10-26 00:00:00,20095.2,385476931983.84595,39846253138.59686
Bitcoin,2022-10-27 00:00:00,20774.2,398674628646.93066,50667020407.51415
Bitcoin,2022-10-28 00:00:00,20278.4,389238872375.6226,41829789298.17936
Bitcoin,2022-10-29 00:00:00,20591.2,395201306734.5831,36165609164.5681
Bitcoin,2022-10-30 00:00:00,20800.7,399135164712.3964,32806216910.570454
Bitcoin,2022-10-31 00:00:00,20623.9,395548335410.141,24707906148.749344
Bitcoin,2022-11-01 00:00:00,20494.6,393311097043.5727,37290619694.72375
Bitcoin,2022-11-02 00:00:00,20489.6,393218202887.5868,32262771910.727066
Bitcoin,2022-11-03 00:00:00,20163.0,387015867490.0914,44539856162.44828
Bitcoin,2022-11-04 00:00:00,20210.9,387756249891.6283,36562782563.979164
Bitcoin,2022-11-05 00:00:00,21150.3,405987599945.2726,33773463079.332672
Bitcoin,2022-11-06 00:00:00,21283.0,408892506459.0742,31061573100.604958
Bitcoin,2022-11-07 00:00:00,20907.0,401869336200.07385,50602704770.812515
Bitcoin,2022-11-08 00:00:00,20597.8,395168506455.3059,91750982446.38734
Bitcoin,2022-11-09 00:00:00,18562.4,356871594631.61395,92144963385.0274
Bitcoin,2022-11-10 00:00:00,15742.4,301963847693.52637,74978675390.59279
Bitcoin,2022-11-11 00:00:00,17594.9,336597208099.6668,65200666543.364624
Bitcoin,2022-11-12 00:00:00,17080.2,325921112619.09045,45030331310.74984
Bitcoin,2022-11-13 00:00:00,16798.0,322330608513.1628,21893997140.860477
Bitcoin,2022-11-14 00:00:00,16344.3,313605586517.2854,20411619109.007805
Bitcoin,2022-11-15 00:00:00,16645.8,320598982524.9025,37539226046.106285
Bitcoin,2022-11-16 00:00:00,16890.5,324608360619.00433,28676275678.9418
Bitcoin,2022-11-17 00:00:00,16689.4,320099234744.2721,26922027947.408913
Bitcoin,2022-11-18 00:00:00,16718.4,321287480849.7667,22011291267.356167
Bitcoin,2022-11-19 00:00:00,16707.0,320876918352.4405,20942172141.414623
Bitcoin,2022-11-20 00:00:00,16712.7,321151208473.7581,10844466289.901127
Bitcoin,2022-11-21 00:00:00,16304.1,313370674122.3842,15680401749.958439
Bitcoin,2022-11-22 00:00:00,15814.3,303834128504.1595,31057277097.34788
Bitcoin,2022-11-23 00:00:00,16171.6,311463297390.4882,25091849198.571053
Bitcoin,2022-11-24 00:00:00,16608.0,319494112507.07404,26858079944.170044
Bitcoin,2022-11-25 00:00:00,16596.0,318949911014.53784,20949512927.386944
Bitcoin,2022-11-26 00:00:00,16524.4,317919884011.3825,18933018587.76629
Bitcoin,2022-11-27 00:00:00,16456.2,316206865319.883,18243019109.753235
Bitcoin,2022-11-28 00:00:00,16459.1,316487666895.4407,16551822516.185429
Bitcoin,2022-11-29 00:00:00,16222.2,311810991501.448,24566056814.212288
Bitcoin,2022-11-30 00:00:00,16442.0,316170903326.0224,24663035431.352062
Bitcoin,2022-12-01 00:00:00,17186.5,330763402606.7043,30676053555.32337
Bitcoin,2022-12-02 00:00:00,16972.7,326141917292.63745,23319572025.36399
Bitcoin,2022-12-03 00:00:00,17084.9,328178365692.1309,20945433171.615204
Bitcoin,2022-12-04 00:00:00,16923.4,326498242602.6305,16931408153.950111
Bitcoin,2022-12-05 00:00:00,17149.9,329544949093.6664,18214353301.13762
Bitcoin,2022-12-06 00:00:00,16973.4,326635737516.3175,23204017213.929634
Bitcoin,2022-12-07 00:00:00,17085.6,328108161816.87274,21026126511.19885
Bitcoin,2022-12-08 00:00:00,16851.3,324178677956.7833,21192130005.603653
Bitcoin,2022-12-09 00:00:00,17235.0,331389860355.59094,22674029585.253864
Bitcoin,2022-12-10 00:00:00,17149.8,329756788298.6587,23179829829.170135
Bitcoin,2022-12-11 00:00:00,17125.4,329283186564.5152,14234368489.844261
Bitcoin,2022-12-12 00:00:00,17101.0,328868814164.99066,15681124918.738192
Bitcoin,2022-12-13 00:00:00,17179.6,330715694645.24335,21633829199.489113
Bitcoin,2022-12-14 00:00:00,17784.2,342102502914.68976,28941242217.591747
Bitcoin,2022-12-15 00:00:00,17808.7,342692750075.4062,27267536668.811485
Bitcoin,2022-12-16 00:00:00,17338.4,333854506370.7365,22754686787.817104
Bitcoin,2022-12-17 00:00:00,16623.8,318992400741.96515,22250411214.773224
Bitcoin,2022-12-18 00:00:00,16806.5,323096167353.6004,15086383815.776106
Bitcoin,2022-12-19 00:00:00,16742.8,322740705484.67255,11134054723.147482
Bitcoin,2022-12-20 00:00:00,16422.6,316270478163.65466,17719672544.8918
Bitcoin,2022-12-21 00:00:00,16899.3,325120443529.51874,24938219697.886032
Bitcoin,2022-12-22 00:00:00,16816.9,323127932459.19025,16062767787.358068
Bitcoin,2022-12-23 00:00:00,16824.8,323519254392.6745,17847826941.681046
Bitcoin,2022-12-24 00:00:00,16791.5,323013370317.24255,16765392449.950893
Bitcoin,2022-12-25 00:00:00,16848.6,324072643385.91296,10169853734.117493
Bitcoin,2022-12-26 00:00:00,16842.2,323868581953.1157,12574453968.75801
Bitcoin,2022-12-27 00:00:00,16900.1,325036912914.6697,12574997282.039291
Bitcoin,2022-12-28 00:00:00,16701.8,321351469136.8621,17436062121.5136
Bitcoin,2022-12-29 00:00:00,16538.9,318288869204.81464,19113614755.874695
Bitcoin,2022-12-30 00:00:00,16644.4,320297298175.87695,15683731676.998154
Bitcoin,2022-12-31 00:00:00,16604.0,319722045805.09534,17497327983.349342
Bitcoin,2023-01-01 00:00:00,16540.7,318278329991.7019,12013247678.029587
Bitcoin,2023-01-02 00:00:00,16616.0,319832024054.6308,9799252684.089952
Bitcoin,2023-01-03 00:00:00,16674.3,321486454934.26776,13023861027.769472
Bitcoin,2023-01-04 00:00:00,16677.6,321080820418.18396,15367167883.495031
Bitcoin,2023-01-05 00:00:00,16855.2,324397588037.39484,20836560771.723633
Bitcoin,2023-01-06 00:00:00,16832.1,324138957221.0557,14919039445.106901
Bitcoin,2023-01-07 00:00:00,16960.2,326571439011.6566,19046576249.728558
Bitcoin,2023-01-08 00:00:00,16950.9,326371741274.41095,9594456673.448975
Bitcoin,2023-01-09 00:00:00,17074.6,328470896861.37854,11841041542.993702
Bitcoin,2023-01-10 00:00:00,17194.9,331158152699.25574,25532751567.198166
Bitcoin,2023-01-11 00:00:00,17436.9,335743942932.3494,21858206845.29233
Bitcoin,2023-01-12 00:00:00,17996.8,345688973386.69006,25439279072.98185
Bitcoin,2023-01-13 00:00:00,18866.8,363381125082.7658,48025109150.17737
Bitcoin,2023-01-14 00:00:00,19941.8,382675302196.4898,39514419053.17687
Bitcoin,2023-01-15 00:00:00,21019.2,405209898132.0056,49498711311.53301
Bitcoin,2023-01-16 00:00:00,20853.2,401697403586.5178,23072133987.553684
Bitcoin,2023-01-17 00:00:00,21175.3,407760358639.0028,34809391745.54498
Bitcoin,2023-01-18 00:00:00,21156.8,407405144842.9396,33278841336.508595
Bitcoin,2023-01-19 00:00:00,20726.8,399349603616.14526,40612056908.80891
Bitcoin,2023-01-20 00:00:00,21081.7,406258441952.3726,29144534677.57505
Bitcoin,2023-01-21 00:00:00,22705.8,436724993652.4275,41321936668.62795
Bitcoin,2023-01-22 00:00:00,22771.0,438578588179.0604,44077026803.66082
Bitcoin,2023-01-23 00:00:00,22736.7,438060367560.3554,34124364415.43915
Bitcoin,2023-01-24 00:00:00,22984.9,442926343072.59235,36750647385.65293
Bitcoin,2023-01-25 00:00:00,22610.0,435679436196.35767,35621897292.95152
Bitcoin,2023-01-26 00:00:00,23180.4,446715261348.7517,42772537174.72366
Bitcoin,2023-01-27 00:00:00,23024.7,444005849172.13904,37099702812.22777
Bitcoin,2023-01-28 00:00:00,23082.9,444898315874.05536,36109035905.258965
Bitcoin,2023-01-29 00:00:00,23022.2,443702765526.11646,19567219823.87809
Bitcoin,2023-01-30 00:00:00,23797.5,458368002025.743,38438621263.58117
Bitcoin,2023-01-31 00:00:00,22840.4,439295730927.16473,38594596831.97205
Bitcoin,2023-02-01 00:00:00,23137.3,445991168199.3282,32683643418.329483
Bitcoin,2023-02-02 00:00:00,23725.2,457383099382.75,37452064508.17389
Bitcoin,2023-02-03 00:00:00,23539.7,453565018922.54517,44735297656.69828
Bitcoin,2023-02-04 00:00:00,23451.6,452312595756.25696,41267040610.76361
Bitcoin,2023-02-05 00:00:00,23340.3,450197147854.798,21063097082.257824
Bitcoin,2023-02-06 00:00:00,22946.3,442933975658.56586,26678691424.549904
Bitcoin,2023-02-07 00:00:00,22786.5,438726385719.1618,33963650031.470352
Bitcoin,2023-02-08 00:00:00,23294.9,449391195299.20337,38850594358.69947
Bitcoin,2023-02-09 00:00:00,22947.5,442518382691.65485,34247782005.793324
Bitcoin,2023-02-10 00:00:00,21820.9,420790678627.7739,51161546272.35185
Bitcoin,2023-02-11 00:00:00,21630.1,417351358181.0193,42389972640.44812
Bitcoin,2023-02-12 00:00:00,21889.4,422107650473.77954,23574706405.838543
Bitcoin,2023-02-13 00:00:00,21779.9,420218240428.1313,25877166000.550278
Bitcoin,2023-02-14 00:00:00,21807.8,420838871938.82733,36761909546.14395
Bitcoin,2023-02-15 00:00:00,22220.1,428649056117.7321,45363697019.73754
Bitcoin,2023-02-16 00:00:00,24307.9,468820317786.9533,44336284482.19016
Bitcoin,2023-02-17 00:00:00,23756.9,459293697174.9459,48144978044.45546
Bitcoin,2023-02-18 00:00:00,24628.8,475194230168.09973,54200707340.94142
Bitcoin,2023-02-19 00:00:00,24642.8,475529620771.9494,24900444765.27695
Bitcoin,2023-02-20 00:00:00,24284.5,470798520570.0436,33664683478.33256
Bitcoin,2023-02-21 00:00:00,24786.7,478236525469.6496,38997046274.497246
Bitcoin,2023-02-22 00:00:00,24417.4,470623925511.17865,41991954878.4476
Bitcoin,2023-02-23 00:00:00,24146.1,465998918250.2451,40336608135.49699
Bitcoin,2023-02-24 00:00:00,23951.1,461042830140.0772,42356618035.349625
Bitcoin,2023-02-25 00:00:00,23172.3,447316067422.04736,35081974267.07997
Bitcoin,2023-02-26 00:00:00,23157.0,447030240435.99854,22999909593.10942
Bitcoin,2023-02-27 00:00:00,23541.1,454284528651.50226,24469102669.371048
Bitcoin,2023-02-28 00:00:00,23518.1,454364917718.867,28832423816.478718
Bitcoin,2023-03-01 00:00:00,23155.5,446010055987.85736,25534054046.06684
Bitcoin,2023-03-02 00:00:00,23634.3,456417315966.7193,32507897259.084335
Bitcoin,2023-03-03 00:00:00,23464.3,453067155320.8529,27432755758.440197
Bitcoin,2023-03-04 00:00:00,22367.4,431727585101.1504,34239649135.070206
Bitcoin,2023-03-05 00:00:00,22348.3,431837491811.49384,13392431931.930376
Bitcoin,2023-03-06 00:00:00,22421.9,433081135066.3954,16080097920.160833
Bitcoin,2023-03-07 00:00:00,22415.1,432758824798.3097,21124920006.057713
Bitcoin,2023-03-08 00:00:00,22217.2,427994888566.54205,27780357943.162678
Bitcoin,2023-03-09 00:00:00,21712.7,419694984165.3824,28493032424.783108
Bitcoin,2023-03-10 00:00:00,20376.3,392841773384.4403,40173833477.660774
Bitcoin,2023-03-11 00:00:00,20195.2,390202255053.33545,51593890225.48742
Bitcoin,2023-03-12 00:00:00,20521.6,394742728281.98926,37746654239.61721
Bitcoin,2023-03-13 00:00:00,22095.7,425816781283.92786,36639901908.82403
Bitcoin,2023-03-14 00:00:00,24179.0,466509005562.78174,66799159801.958115
Bitcoin,2023-03-15 00:00:00,24758.8,478406045309.6089,70714394276.37074
Bitcoin,2023-03-16 00:00:00,24470.9,472833547484.0809,63107437928.81401
Bitcoin,2023-03-17 00:00:00,25161.3,486375597562.7987,60688056874.81415
Bitcoin,2023-03-18 00:00:00,27466.7,530038219067.3334,64617615617.80156
Bitcoin,2023-03-19 00:00:00,27107.8,523262280970.14777,46473651090.578415
Bitcoin,2023-03-20 00:00:00,28186.8,546680822196.2155,46394763656.038155
Bitcoin,2023-03-21 00:00:00,27929.2,538935400013.3555,55315948514.426994
Bitcoin,2023-03-22 00:00:00,28264.2,545917428270.10583,34430928756.27183
Bitcoin,2023-03-23 00:00:00,27449.3,530515158753.954,35394833933.50181
Bitcoin,2023-03-24 00:00:00,28459.7,549578396178.6341,20360807194.56342
Bitcoin,2023-03-25 00:00:00,27595.5,533634255119.3758,21551272690.413612
Bitcoin,2023-03-26 00:00:00,27670.2,534960802333.31067,15053754845.31385
Bitcoin,2023-03-27 00:00:00,28048.5,542675619058.77966,14450374261.063795
Bitcoin,2023-03-28 00:00:00,27182.3,525230880103.13837,18519053231.63728
Bitcoin,2023-03-29 00:00:00,27291.4,528042785008.98267,17658503318.910484
Bitcoin,2023-03-30 00:00:00,28395.0,548808373530.0567,21097595427.489532
Bitcoin,2023-03-31 00:00:00,28041.1,542369769760.28796,22702531379.35043
Bitcoin,2023-04-01 00:00:00,28516.8,551707238559.8757,19112345639.962193
Bitcoin,2023-04-02 00:00:00,28498.9,550949831049.3949,10085380788.870918
Bitcoin,2023-04-03 00:00:00,28236.5,545181408318.2205,11682876586.814528
Bitcoin,2023-04-04 00:00:00,27815.4,539350908801.9282,19711493345.476036
Bitcoin,2023-04-05 00:00:00,28175.3,544313567953.4008,14871614372.831093
Bitcoin,2023-04-06 00:00:00,28197.2,545409754928.52686,16507617903.813946
Bitcoin,2023-04-07 00:00:00,28043.0,542601176317.4441,13079528995.139923
Bitcoin,2023-04-08 00:00:00,27934.4,540432353743.3232,10141276803.893911
Bitcoin,2023-04-09 00:00:00,27968.1,541094458101.44714,8844199146.1801
Bitcoin,2023-04-10 00:00:00,28351.2,548568597244.1978,11429030269.731691
Bitcoin,2023-04-11 00:00:00,29658.0,574059578670.3654,17475381731.251884
Bitcoin,2023-04-12 00:00:00,30260.9,585359301945.2595,18320296514.777645
Bitcoin,2023-04-13 00:00:00,29904.1,578850627447.6105,18407698928.06657
Bitcoin,2023-04-14 00:00:00,30405.0,587939018759.4221,16404033694.47376
Bitcoin,2023-04-15 00:00:00,30468.4,589051372432.549,20984067684.216217
Bitcoin,2023-04-16 00:00:00,30312.2,586969785778.0928,11028264273.146706
Bitcoin,2023-04-17 00:00:00,30304.8,586268225587.8677,11188035367.077023
Bitcoin,2023-04-18 00:00:00,29467.5,569958059900.5195,16771824487.579357
Bitcoin,2023-04-19 00:00:00,30365.9,587730212230.9563,18078539248.52104
Bitcoin,2023-04-20 00:00:00,28833.2,558796473890.5958,24136616861.636356
Bitcoin,2023-04-21 00:00:00,28255.6,546141074655.3764,21695904964.799046
Bitcoin,2023-04-22 00:00:00,27300.2,528357279464.0127,20420333533.71415
Bitcoin,2023-04-23 00:00:00,27861.6,539454716829.9368,11700230849.968126
Bitcoin,2023-04-24 00:00:00,27606.6,533753154140.2553,11435645306.771605
Bitcoin,2023-04-25 00:00:00,27511.6,532290845181.53394,16443099944.64734
Bitcoin,2023-04-26 00:00:00,28351.2,548359667398.65234,17061823985.865345
Bitcoin,2023-04-27 00:00:00,28352.2,548638734338.36755,30540034741.28477
Bitcoin,2023-04-28 00:00:00,29483.5,570258039118.5771,26238597379.49954
Bitcoin,2023-04-29 00:00:00,29340.0,568153896404.9741,18730801539.181553
Bitcoin,2023-04-30 00:00:00,29217.9,565714356650.6621,9711415138.827158
Bitcoin,2023-05-01 00:00:00,29362.1,568513467268.4124,14707008604.647
Bitcoin,2023-05-02 00:00:00,28125.5,544421676291.20087,19980169281.008976
Bitcoin,2023-05-03 00:00:00,28654.4,554886795897.9369,17699097406.188805
Bitcoin,2023-05-04 00:00:00,28988.3,561312171794.5802,19944381490.560024
Bitcoin,2023-05-05 00:00:00,28846.5,558634329303.2208,12676760580.080193
Bitcoin,2023-05-06 00:00:00,29520.3,571520224182.8824,4971523630.54862
Bitcoin,2023-05-07 00:00:00,28887.7,559078681902.6073,6463808309.438925
Bitcoin,2023-05-08 00:00:00,28611.4,554373015261.6681,10199066943.170338
Bitcoin,2023-05-09 00:00:00,27696.8,536032086472.038,21535578788.860283
Bitcoin,2023-05-10 00:00:00,27607.4,535037100026.6903,8876813250.933558
Bitcoin,2023-05-11 00:00:00,27639.7,534937464538.75824,17159331951.189877
Bitcoin,2023-05-12 00:00:00,27024.8,523414877659.3074,7754296234.077171
Bitcoin,2023-05-13 00:00:00,26787.7,518816444750.7709,9157286238.193073
Bitcoin,2023-05-14 00:00:00,26798.1,520426027097.3362,8365379054.202115
Bitcoin,2023-05-15 00:00:00,26911.8,521319019334.69617,6019488454.419681
Bitcoin,2023-05-16 00:00:00,27227.8,527655229433.8867,14570026781.747086
Bitcoin,2023-05-17 00:00:00,27022.7,523965691858.8659,12927093920.902998
Bitcoin,2023-05-18 00:00:00,27390.0,530762551513.4872,12580626234.913448
Bitcoin,2023-05-19 00:00:00,26843.0,520544913836.41003,12599487111.93878
Bitcoin,2023-05-20 00:00:00,26884.4,521153640362.9618,11559136131.368769
Bitcoin,2023-05-21 00:00:00,27093.8,525040003344.1629,3882362454.219783
Bitcoin,2023-05-22 00:00:00,26773.8,519171380714.0945,8125825605.684245
Bitcoin,2023-05-23 00:00:00,26869.7,520821915713.9187,8025716966.179398
Bitcoin,2023-05-24 00:00:00,27222.9,527528695688.7587,11685763863.312372
Bitcoin,2023-05-25 00:00:00,26338.9,510987979871.2201,17477200137.10873
Bitcoin,2023-05-26 00:00:00,26475.6,513295724355.69904,11953749225.494001
Bitcoin,2023-05-27 00:00:00,26718.0,517973731437.9403,10994037071.45216
Bitcoin,2023-05-28 00:00:00,26848.2,520461980942.25433,6029471707.897409
Bitcoin,2023-05-29 00:00:00,28110.3,544879177078.8053,13144599279.47902
Bitcoin,2023-05-30 00:00:00,27759.7,538430950369.49817,13483205892.539595
Bitcoin,2023-05-31 00:00:00,27713.9,537414074116.4985,12766436369.815956
Bitcoin,2023-06-01 00:00:00,27245.5,528464394082.93866,10001106221.647074
Bitcoin,2023-06-02 00:00:00,26824.1,520271910707.11273,12156086970.872988
Bitcoin,2023-06-03 00:00:00,27247.7,528508990069.2122,15428145241.775957
Bitcoin,2023-06-04 00:00:00,27066.4,525209390395.50604,6673279605.629511
Bitcoin,2023-06-05 00:00:00,27315.4,529630092281.38684,6098045626.047618
Bitcoin,2023-06-06 00:00:00,25792.6,500593893699.2183,21208433571.87331
Bitcoin,2023-06-07 00:00:00,27216.6,527295592028.08093,22188018260.83246
Bitcoin,2023-06-08 00:00:00,26346.2,510979921090.6337,14723854336.09437
Bitcoin,2023-06-09 00:00:00,26507.9,514279355771.4992,10197924963.780262
Bitcoin,2023-06-10 00:00:00,26469.6,513226142603.1213,10464066236.48124
Bitcoin,2023-06-11 00:00:00,25858.1,501653860264.2029,9755626714.244692
Bitcoin,2023-06-12 00:00:00,25916.6,502683000962.43024,10439993428.365507
Bitcoin,2023-06-13 00:00:00,25910.4,502562686069.16986,9761691909.31603
Bitcoin,2023-06-14 00:00:00,25872.2,501752262681.7188,9921875985.888603
Bitcoin,2023-06-15 00:00:00,25107.8,487262840554.6715,11982737579.702812
Bitcoin,2023-06-16 00:00:00,25564.6,495788386559.10156,15184095954.029512
Bitcoin,2023-06-17 00:00:00,26327.3,510906153487.60516,13604025863.641972
Bitcoin,2023-06-18 00:00:00,26501.0,514331114457.8236,9533422254.890303
Bitcoin,2023-06-19 00:00:00,26333.1,511384956032.88007,8589379740.11672
Bitcoin,2023-06-20 00:00:00,26779.4,519667661979.1768,6651894946.454161
Bitcoin,2023-06-21 00:00:00,28330.9,549330089183.52325,19958565664.552258
Bitcoin,2023-06-22 00:00:00,30101.8,584070487996.789,23757254196.777027
Bitcoin,2023-06-23 00:00:00,29935.6,581473706978.9268,19613389213.798763
Bitcoin,2023-06-24 00:00:00,30629.2,594588611688.3142,22630955878.97284
Bitcoin,2023-06-25 00:00:00,30537.8,592912110031.5245,11736119929.84371
Bitcoin,2023-06-26 00:00:00,30454.8,591387700082.1104,12076819255.30491
Bitcoin,2023-06-27 00:00:00,30285.5,587134340343.6245,16032184116.631308
Bitcoin,2023-06-28 00:00:00,30693.5,595427193050.2291,14411853963.110468
Bitcoin,2023-06-29 00:00:00,30083.5,584187696961.3756,8489428028.028098
Bitcoin,2023-06-30 00:00:00,30466.6,591688337868.8445,12545425127.446297
Bitcoin,2023-07-01 00:00:00,30480.8,591722375245.7673,21422361050.823097
Bitcoin,2023-07-02 00:00:00,30583.6,593625140902.5646,4210431244.4326854
Bitcoin,2023-07-03 00:00:00,30571.9,593627203721.8534,7236318143.905301
Bitcoin,2023-07-04 00:00:00,31134.7,604507839820.0979,14755008156.77765
Bitcoin,2023-07-05 00:00:00,30775.6,598449423994.1252,12403890725.264545
Bitcoin,2023-07-06 00:00:00,30484.8,592386606697.3153,10260132141.46154
Bitcoin,2023-07-07 00:00:00,29990.1,583429029204.2451,21776707863.503353
Bitcoin,2023-07-08 00:00:00,30315.3,588811434763.8912,13018507892.814608
Bitcoin,2023-07-09 00:00:00,30264.2,587678367157.9867,5608541981.756295
Bitcoin,2023-07-10 00:00:00,30169.9,585883986681.1711,7559670230.189486
Bitcoin,2023-07-11 00:00:00,30394.3,590311894648.7518,12835219756.96589
Bitcoin,2023-07-12 00:00:00,30620.8,594749192359.1351,11753418050.421658
Bitcoin,2023-07-13 00:00:00,30407.4,590629381260.7114,13072555444.262321
Bitcoin,2023-07-14 00:00:00,31446.0,610725509598.8464,21254274345.702217
Bitcoin,2023-07-15 00:00:00,30311.8,588107447250.1327,21977151420.853252
Bitcoin,2023-07-16 00:00:00,30298.0,588642134563.5204,6233916918.782722
Bitcoin,2023-07-17 00:00:00,30237.3,586391434733.7153,8356410453.563714
Bitcoin,2023-07-18 00:00:00,30147.9,585500720965.1113,10974383371.546566
Bitcoin,2023-07-19 00:00:00,29848.0,579708613537.5165,13152758553.030825
Bitcoin,2023-07-20 00:00:00,29919.9,581327322356.8716,8545620844.326587
Bitcoin,2023-07-21 00:00:00,29787.0,579308712612.258,11117456853.464512
Bitcoin,2023-07-22 00:00:00,29914.7,581397880391.4172,8492627980.9282
Bitcoin,2023-07-23 00:00:00,29710.2,577068525402.119,6745541064.873876
Bitcoin,2023-07-24 00:00:00,30058.0,584296796267.4817,7427606999.412798
Bitcoin,2023-07-25 00:00:00,29184.9,567051778655.836,15195244950.838041
Bitcoin,2023-07-26 00:00:00,29223.0,568019115128.7598,7929844775.363448
Bitcoin,2023-07-27 00:00:00,29363.7,570531781624.6747,13088677750.42505
Bitcoin,2023-07-28 00:00:00,29200.2,567708714251.7643,9047649539.81237
Bitcoin,2023-07-29 00:00:00,29314.1,569952119667.3986,7682754827.0541115
Bitcoin,2023-07-30 00:00:00,29356.7,570804910032.5747,4882536540.911603
Bitcoin,2023-07-31 00:00:00,29277.8,569135711632.8535,7872881636.625643
Bitcoin,2023-08-01 00:00:00,29233.1,568333703606.0996,6641808341.386258
Bitcoin,2023-08-02 00:00:00,29537.1,572408929757.971,15289922840.873833
Bitcoin,2023-08-03 00:00:00,29146.6,567074709353.651,19266318894.086517
Bitcoin,2023-08-04 00:00:00,29176.2,567940644790.4882,12539132810.40034
Bitcoin,2023-08-05 00:00:00,29087.9,565073127339.627,12112869085.655884
Bitcoin,2023-08-06 00:00:00,29046.8,564970113457.8998,5335308729.48437
Bitcoin,2023-08-07 00:00:00,29044.2,564947914083.0184,5360283576.269965
Bitcoin,2023-08-08 00:00:00,29178.1,567529179865.8152,13252185122.112452
Bitcoin,2023-08-09 00:00:00,29779.6,579214283623.8071,14603570418.91888
Bitcoin,2023-08-10 00:00:00,29585.5,575535414817.4033,14633310097.491423
Bitcoin,2023-08-11 00:00:00,29423.8,572414205818.4142,8106253519.025447
Bitcoin,2023-08-12 00:00:00,29396.8,571976559045.8302,4651950357.636653
Bitcoin,2023-08-13 00:00:00,29412.1,572257798803.9086,3994297895.288944
Bitcoin,2023-08-14 00:00:00,29285.0,569687130446.7833,4755220448.634491
Bitcoin,2023-08-15 00:00:00,29400.6,572242735188.2397,12408355477.111338
Bitcoin,2023-08-16 00:00:00,29170.5,567498309102.7323,11523395157.99864
Bitcoin,2023-08-17 00:00:00,28754.2,559982624303.4923,14809979642.373245
Bitcoin,2023-08-18 00:00:00,26501.6,516026928368.83746,29965585683.421356
Bitcoin,2023-08-19 00:00:00,26042.8,506815826635.9217,18062351745.50358
Bitcoin,2023-08-20 00:00:00,26104.8,508087686822.70435,3355038748.9824667
Bitcoin,2023-08-21 00:00:00,26160.7,509078930366.0949,8304370131.833873
Bitcoin,2023-08-22 00:00:00,26119.0,508491920831.3545,9377753161.447634
Bitcoin,2023-08-23 00:00:00,26033.7,506356213378.17975,13702941053.015312
Bitcoin,2023-08-24 00:00:00,26450.0,514955818082.43463,14600566342.214415
Bitcoin,2023-08-25 00:00:00,26134.9,508906955118.32086,11961319630.81013
Bitcoin,2023-08-26 00:00:00,26044.0,507007928705.4434,2582213805.5461373
Bitcoin,2023-08-27 00:00:00,26002.0,506086069151.6848,3420999388.355067
Bitcoin,2023-08-28 00:00:00,26082.7,507835678906.77924,4743752357.401259
Bitcoin,2023-08-29 00:00:00,26109.3,508350651765.9018,9995933796.2508
Bitcoin,2023-08-30 00:00:00,27730.5,539045091002.16876,29462388818.839893
Bitcoin,2023-08-31 00:00:00,27297.3,531729400483.3156,16029914124.395369
Bitcoin,2023-09-01 00:00:00,25927.4,505403246528.0237,20360682650.055054
Bitcoin,2023-09-02 00:00:00,25812.3,502687549096.97003,15924588668.893366
Bitcoin,2023-09-03 00:00:00,25853.7,503679892454.50775,8203515572.755595
Bitcoin,2023-09-04 00:00:00,25959.6,505513039060.68445,8301138495.084562
Bitcoin,2023-09-05 00:00:00,25829.4,502409490053.88367,6700578092.438599
Bitcoin,2023-09-06 00:00:00,25784.4,501979376928.41833,7633735596.705433
Bitcoin,2023-09-07 00:00:00,25753.0,501615002105.18665,12225427270.62692
Bitcoin,2023-09-08 00:00:00,26192.3,509837705629.17126,4521997781.160889
Bitcoin,2023-09-09 00:00:00,25907.2,504533063388.2184,8058794338.820984
Bitcoin,2023-09-10 00:00:00,25889.3,504373920218.6837,404806432.52168876
Bitcoin,2023-09-11 00:00:00,25834.6,503489661583.33154,6603006234.083502
Bitcoin,2023-09-12 00:00:00,25133.3,489502952545.6269,14859931201.000029
Bitcoin,2023-09-13 00:00:00,25866.8,503997883573.3815,16825266473.048721
Bitcoin,2023-09-14 00:00:00,26223.4,510909474484.6564,12975855576.243193
Bitcoin,2023-09-15 00:00:00,26531.4,516823786025.9003,11739428177.432598
Bitcoin,2023-09-16 00:00:00,26634.6,518872387637.1001,9768889419.723415
Bitcoin,2023-09-17 00:00:00,26557.8,517396850180.9239,1224363671.9175522
Bitcoin,2023-09-18 00:00:00,26521.0,516614128895.5437,5791146184.464804
Bitcoin,2023-09-19 00:00:00,26741.5,521346975856.46625,16477839825.058361
Bitcoin,2023-09-20 00:00:00,27219.3,530357673731.022,12615959842.229395
Bitcoin,2023-09-21 00:00:00,27115.8,529168513966.1614,13497179076.831764
Bitcoin,2023-09-22 00:00:00,26561.1,517743774814.63885,8169328790.751264
Bitcoin,2023-09-23 00:00:00,26572.0,518383856096.9625,9968041758.936823
Bitcoin,2023-09-24 00:00:00,26573.9,517968304453.25476,6583511185.708387
Bitcoin,2023-09-25 00:00:00,26249.6,511787693512.02826,7226298594.4955225
Bitcoin,2023-09-26 00:00:00,26298.6,512103393581.80255,11974957450.276283
Bitcoin,2023-09-27 00:00:00,26204.8,511054250889.6227,9786025048.05344
Bitcoin,2023-09-28 00:00:00,26350.1,513713645983.85016,12889674588.31686
Bitcoin,2023-09-29 00:00:00,27009.0,526917684460.40546,16683207554.844349
Bitcoin,2023-09-30 00:00:00,26917.2,524946724658.764,9059145545.41355
Bitcoin,2023-10-01 00:00:00,26969.9,525936342995.4552,6295435107.555985
Bitcoin,2023-10-02 00:00:00,27967.5,545302108027.2094,9358226524.285364
Bitcoin,2023-10-03 00:00:00,27615.1,538323470357.8827,18127133423.881855
Bitcoin,2023-10-04 00:00:00,27439.1,535605771922.47974,12676657038.293432
Bitcoin,2023-10-05 00:00:00,27792.1,541954661181.1118,10876597601.123325
Bitcoin,2023-10-06 00:00:00,27435.9,534851643044.50543,13376186563.311193
Bitcoin,2023-10-07 00:00:00,27958.2,545154869332.6545,13817979024.520027
Bitcoin,2023-10-08 00:00:00,27977.5,545619681437.3984,7226218924.820883
Bitcoin,2023-10-09 00:00:00,27948.1,544989660641.62256,7141598446.869208
Bitcoin,2023-10-10 00:00:00,27593.8,538282690587.88,7640029989.224315
Bitcoin,2023-10-11 00:00:00,27392.2,535200388379.76337,10151720983.669058
Bitcoin,2023-10-12 00:00:00,26842.2,523656381533.04626,14608441295.942532
Bitcoin,2023-10-13 00:00:00,26729.1,521607675083.3507,10867640258.925844
Bitcoin,2023-10-14 00:00:00,26841.1,523655619453.7407,14344414895.617512
Bitcoin,2023-10-15 00:00:00,26863.2,523979202939.078,5543160607.188677
Bitcoin,2023-10-16 00:00:00,27150.3,529643463244.3381,6604845643.42894
Bitcoin,2023-10-17 00:00:00,28513.3,555338775502.1107,22792799561.834
Bitcoin,2023-10-18 00:00:00,28417.7,555003134086.2079,10403248077.491972
Bitcoin,2023-10-19 00:00:00,28328.2,553311088369.7102,13461030457.558897
Bitcoin,2023-10-20 00:00:00,28715.7,559364043794.7655,11193923144.463654
Bitcoin,2023-10-21 00:00:00,29677.4,579536788709.3126,23561406297.715862
Bitcoin,2023-10-22 00:00:00,29920.1,583719549318.5221,7452489477.484937
Bitcoin,2023-10-23 00:00:00,30019.4,583399133857.2509,11330304246.065748
Bitcoin,2023-10-24 00:00:00,32953.3,641535355789.0791,35558857925.14893
Bitcoin,2023-10-25 00:00:00,33846.7,660676033939.1393,46464714676.18555
Bitcoin,2023-10-25 16:44:19,34534.1,677582562929.0172,28575671598.623837
Ethereum,2022-10-26 00:00:00,1462.0,176051206695.99817,19624530679.956947
Ethereum,2022-10-27 00:00:00,1568.7,189173389239.5451,24505395072.046234
Ethereum,2022-10-28 00:00:00,1514.9,182723289741.9848,17752430680.403706
Ethereum,2022-10-29 00:00:00,1555.0,187324850268.18915,15641652314.210123
Ethereum,2022-10-30 00:00:00,1619.4,195052502985.67032,17044927217.751923
Ethereum,2022-10-31 00:00:00,1591.1,191500820025.9781,10366405350.250761
Ethereum,2022-11-01 00:00:00,1573.0,189478578997.59592,14900137160.396046
Ethereum,2022-11-02 00:00:00,1580.4,190428736966.3317,19199900507.15055
Ethereum,2022-11-03 00:00:00,1520.6,183368006193.10986,27498708818.133373
Ethereum,2022-11-04 00:00:00,1531.1,184398997533.25903,22537458293.692245
Ethereum,2022-11-05 00:00:00,1644.2,198053929735.65234,36953923774.760704
Ethereum,2022-11-06 00:00:00,1626.8,196264485041.5907,21174006976.119827
Ethereum,2022-11-07 00:00:00,1572.9,189763621397.94974,22195586345.876583
Ethereum,2022-11-08 00:00:00,1570.0,188875473098.02014,30344896841.852493
Ethereum,2022-11-09 00:00:00,1334.3,160813058133.9897,32343101742.62143
Ethereum,2022-11-10 00:00:00,1095.2,131794377265.61275,29253284762.659542
Ethereum,2022-11-11 00:00:00,1301.6,156380990539.85645,24039423467.45047
Ethereum,2022-11-12 00:00:00,1293.9,155222424523.53937,17355612789.319725
Ethereum,2022-11-13 00:00:00,1255.6,151059842003.22357,8636739779.554464
Ethereum,2022-11-14 00:00:00,1223.0,147426038251.7689,7719000328.307081
Ethereum,2022-11-15 00:00:00,1242.0,149987178583.21732,12056844339.739658
Ethereum,2022-11-16 00:00:00,1252.7,151062413577.56232,8940477028.374247
Ethereum,2022-11-17 00:00:00,1217.7,146462319554.31644,8870530650.446701
Ethereum,2022-11-18 00:00:00,1201.8,144894942760.29672,7075882101.619532
Ethereum,2022-11-19 00:00:00,1213.5,146145817586.6032,5600678512.529781
Ethereum,2022-11-20 00:00:00,1218.9,146971097131.67468,3722348151.0022244
Ethereum,2022-11-21 00:00:00,1144.3,137964810712.74976,6826180055.62674
Ethereum,2022-11-22 00:00:00,1110.3,133733639793.52232,10372965080.612862
Ethereum,2022-11-23 00:00:00,1135.2,137050514642.06917,9220536958.839794
Ethereum,2022-11-24 00:00:00,1184.5,142854533237.69275,9189536303.575544
Ethereum,2022-11-25 00:00:00,1204.2,145091739838.44122,6955523718.221009
Ethereum,2022-11-26 00:00:00,1199.0,144810246844.91675,5823202533.487156
Ethereum,2022-11-27 00:00:00,1205.7,145222050633.46432,5271100859.564753
Ethereum,2022-11-28 00:00:00,1196.2,144507830172.60718,4150923882.274703
Ethereum,2022-11-29 00:00:00,1170.1,141048501904.6694,6467273323.741678
Ethereum,2022-11-30 00:00:00,1216.9,146749281622.5983,7132972094.453388
Ethereum,2022-12-01 00:00:00,1298.9,156777674228.40683,9889408117.518559
Ethereum,2022-12-02 00:00:00,1276.6,153787135286.89285,6400063074.120894
Ethereum,2022-12-03 00:00:00,1293.9,155766037022.93884,5644934957.241694
Ethereum,2022-12-04 00:00:00,1243.0,150322759022.75156,5183647936.284697
Ethereum,2022-12-05 00:00:00,1282.4,154484879835.4558,4842789176.374092
Ethereum,2022-12-06 00:00:00,1259.8,151960138515.5798,5795682744.772271
Ethereum,2022-12-07 00:00:00,1271.9,153112232020.5009,4765089563.175744
Ethereum,2022-12-08 00:00:00,1233.6,148778387852.61035,5392077793.333963
Ethereum,2022-12-09 00:00:00,1281.2,154438830699.8818,5929103713.4824705
Ethereum,2022-12-10 00:00:00,1264.5,152405570526.73016,5743935111.263781
Ethereum,2022-12-11 00:00:00,1264.8,152480155389.30975,3136321665.2746277
Ethereum,2022-12-12 00:00:00,1264.3,152290250844.83786,3179021750.4472365
Ethereum,2022-12-13 00:00:00,1275.3,153743004467.3702,5107100671.713232
Ethereum,2022-12-14 00:00:00,1319.4,159205793114.4748,8667920250.973438
Ethereum,2022-12-15 00:00:00,1308.4,157633274799.26862,8063349707.439905
Ethereum,2022-12-16 00:00:00,1263.7,152444818382.92126,6014960880.483797
Ethereum,2022-12-17 00:00:00,1166.0,140289330990.1754,9306680537.671982
Ethereum,2022-12-18 00:00:00,1189.4,143321475845.90793,4893469369.238545
Ethereum,2022-12-19 00:00:00,1186.8,143142028259.18048,3175705524.420867
Ethereum,2022-12-20 00:00:00,1167.0,140848456817.4131,4281620919.9824796
Ethereum,2022-12-21 00:00:00,1217.9,146802833364.30045,6463130153.512681
Ethereum,2022-12-22 00:00:00,1213.3,146039250786.06482,4086534541.450752
Ethereum,2022-12-23 00:00:00,1217.9,146741009624.09518,5190165001.535945
Ethereum,2022-12-24 00:00:00,1220.7,147069822795.65387,4777025971.87922
Ethereum,2022-12-25 00:00:00,1221.4,147173116811.52798,2443348024.2152143
Ethereum,2022-12-26 00:00:00,1219.3,146840669268.71204,3694243212.8174734
Ethereum,2022-12-27 00:00:00,1226.3,147697269147.94653,3071221733.631151
Ethereum,2022-12-28 00:00:00,1211.8,146030514727.00162,4221450706.7612934
Ethereum,2022-12-29 00:00:00,1188.7,143241827136.73636,5177421363.012343
Ethereum,2022-12-30 00:00:00,1201.5,144831301452.10547,4174715683.6280565
Ethereum,2022-12-31 00:00:00,1199.1,144611517916.40677,4110733112.8102927
Ethereum,2023-01-01 00:00:00,1196.6,144188788703.97467,2891351007.4251895
Ethereum,2023-01-02 00:00:00,1200.7,144712215098.15164,2179799161.0385365
Ethereum,2023-01-03 00:00:00,1214.4,146443084804.90094,3845095582.093461
Ethereum,2023-01-04 00:00:00,1214.8,146422424046.4976,3385566691.456905
Ethereum,2023-01-05 00:00:00,1256.4,151322902029.0838,6727208484.546551
Ethereum,2023-01-06 00:00:00,1250.8,150805231900.39493,4052351544.8201857
Ethereum,2023-01-07 00:00:00,1270.0,153115414332.1746,5222706873.557585
Ethereum,2023-01-08 00:00:00,1264.8,152351777734.96948,2439388823.0572276
Ethereum,2023-01-09 00:00:00,1284.6,154857941332.0086,3401917835.2694077
Ethereum,2023-01-10 00:00:00,1321.7,159397504473.27673,8615288094.160769
Ethereum,2023-01-11 00:00:00,1336.0,160999220384.61914,6390063040.044838
Ethereum,2023-01-12 00:00:00,1389.8,167839113151.03107,6779329581.863201
Ethereum,2023-01-13 00:00:00,1417.1,170890542806.26074,13360962683.072271
Ethereum,2023-01-14 00:00:00,1453.4,174798760594.58777,8386970426.225097
Ethereum,2023-01-15 00:00:00,1549.1,187276048380.94897,15505376250.712307
Ethereum,2023-01-16 00:00:00,1551.3,186901700956.48312,7074931051.0836935
Ethereum,2023-01-17 00:00:00,1577.7,190122961411.69482,9434570734.551754
Ethereum,2023-01-18 00:00:00,1569.5,188982728685.09735,8482482040.670269
Ethereum,2023-01-19 00:00:00,1516.6,183517931282.58932,11809477723.65587
Ethereum,2023-01-20 00:00:00,1550.5,186967330908.32364,6871702648.394773
Ethereum,2023-01-21 00:00:00,1661.3,200011161010.51965,9228892411.460192
Ethereum,2023-01-22 00:00:00,1625.9,195908718395.08084,9663018503.707115
Ethereum,2023-01-23 00:00:00,1630.8,196512572594.40756,8233555835.053316
Ethereum,2023-01-24 00:00:00,1633.0,196541663696.43738,9037743837.862547
Ethereum,2023-01-25 00:00:00,1557.1,187270576772.9432,9078639809.982983
Ethereum,2023-01-26 00:00:00,1614.7,194402223992.62006,11946053798.490387
Ethereum,2023-01-27 00:00:00,1602.8,193276131177.59738,10076436860.255999
Ethereum,2023-01-28 00:00:00,1598.5,192677648328.43668,9593062923.130283
Ethereum,2023-01-29 00:00:00,1573.1,189301295262.2017,6523949724.808857
Ethereum,2023-01-30 00:00:00,1646.5,198339307428.10373,10037370816.308008
Ethereum,2023-01-31 00:00:00,1568.6,188787565951.33054,10977781767.502348
Ethereum,2023-02-01 00:00:00,1586.5,191042852121.47128,7544090211.946499
Ethereum,2023-02-02 00:00:00,1642.9,197724834027.55963,9295116915.9373
Ethereum,2023-02-03 00:00:00,1648.7,198613736403.15057,12542560274.342657
Ethereum,2023-02-04 00:00:00,1665.4,200784153460.47113,9528083087.520357
Ethereum,2023-02-05 00:00:00,1667.3,201099652782.7474,6766208820.07522
Ethereum,2023-02-06 00:00:00,1631.4,196817854756.22067,8211226952.330717
Ethereum,2023-02-07 00:00:00,1617.1,194725338782.41467,7825100535.008893
Ethereum,2023-02-08 00:00:00,1672.8,201779050385.86017,9180247305.88792
Ethereum,2023-02-09 00:00:00,1651.4,199107556553.15936,8766845417.320044
Ethereum,2023-02-10 00:00:00,1546.4,186306817307.09564,12447757846.416866
Ethereum,2023-02-11 00:00:00,1515.5,182839491763.3784,9882779899.96751
Ethereum,2023-02-12 00:00:00,1542.0,185826666441.3843,6070233325.97355
Ethereum,2023-02-13 00:00:00,1515.3,182722050130.99646,6128794710.192691
Ethereum,2023-02-14 00:00:00,1506.9,181589830341.34802,11573812955.970678
Ethereum,2023-02-15 00:00:00,1557.0,187619568130.73468,11723184974.304256
Ethereum,2023-02-16 00:00:00,1674.9,201595282287.4858,11079231384.245422
Ethereum,2023-02-17 00:00:00,1646.1,198370400841.4434,13388835215.08776
Ethereum,2023-02-18 00:00:00,1697.1,204534589183.7981,10807323083.841963
Ethereum,2023-02-19 00:00:00,1692.5,203613145994.36063,5863446679.020431
Ethereum,2023-02-20 00:00:00,1680.4,202999098993.98264,7499517187.119554
Ethereum,2023-02-21 00:00:00,1700.2,204900256888.84143,8435810846.264387
Ethereum,2023-02-22 00:00:00,1656.6,199387951962.05505,9728814194.484383
Ethereum,2023-02-23 00:00:00,1643.2,198153971276.35593,9836391621.850903
Ethereum,2023-02-24 00:00:00,1651.9,198619189860.05594,9698749201.902168
Ethereum,2023-02-25 00:00:00,1608.1,193773223390.3348,9609840835.076471
Ethereum,2023-02-26 00:00:00,1594.0,192056375721.21072,6117521125.045025
Ethereum,2023-02-27 00:00:00,1640.6,197696596339.3676,6357994998.206232
Ethereum,2023-02-28 00:00:00,1634.0,197018105507.06073,7916573299.24559
Ethereum,2023-03-01 00:00:00,1606.6,193276888983.6779,6883711561.9226
Ethereum,2023-03-02 00:00:00,1663.9,200476156508.34192,8672222866.055677
Ethereum,2023-03-03 00:00:00,1647.7,198520753673.54544,7930395056.206914
Ethereum,2023-03-04 00:00:00,1570.7,189178795460.26093,11179316252.20772
Ethereum,2023-03-05 00:00:00,1568.5,189002414068.6852,4800994312.370927
Ethereum,2023-03-06 00:00:00,1563.2,188337456156.2138,62172854406.22754
Ethereum,2023-03-07 00:00:00,1567.4,188803304807.84476,6627693313.532333
Ethereum,2023-03-08 00:00:00,1563.8,187945419858.86072,8523808476.527845
Ethereum,2023-03-09 00:00:00,1535.3,185138878803.2572,11881879818.725237
Ethereum,2023-03-10 00:00:00,1440.2,173232609854.28854,10861201441.135424
Ethereum,2023-03-11 00:00:00,1429.6,172474466355.71472,14696381616.840977
Ethereum,2023-03-12 00:00:00,1474.4,176915178456.41873,18345198261.395977
Ethereum,2023-03-13 00:00:00,1588.2,190440681263.21286,13967891188.499998
Ethereum,2023-03-14 00:00:00,1678.9,202294154847.0903,65211714924.508385
Ethereum,2023-03-15 00:00:00,1708.3,205738833552.65433,19833762797.583607
Ethereum,2023-03-16 00:00:00,1658.1,199607487558.33243,17257648020.36215
Ethereum,2023-03-17 00:00:00,1679.8,202411234958.15692,30201930394.76128
Ethereum,2023-03-18 00:00:00,1793.3,215660560704.77524,14459727611.041805
Ethereum,2023-03-19 00:00:00,1769.4,213123927233.32803,11976182095.296051
Ethereum,2023-03-20 00:00:00,1801.4,217844457987.9951,10745813975.10349
Ethereum,2023-03-21 00:00:00,1744.4,209763828559.92316,12973595973.359987
Ethereum,2023-03-22 00:00:00,1811.4,218008486913.68356,10831022955.199936
Ethereum,2023-03-23 00:00:00,1747.6,210285658211.08432,13820716099.501862
Ethereum,2023-03-24 00:00:00,1825.0,219518418514.19247,10980967034.937744
Ethereum,2023-03-25 00:00:00,1751.2,212072713258.261,11601017881.786583
Ethereum,2023-03-26 00:00:00,1754.0,211355889911.33264,8023849174.389528
Ethereum,2023-03-27 00:00:00,1776.9,214528709136.8291,8417258785.455161
Ethereum,2023-03-28 00:00:00,1719.2,206685090340.53693,9757415238.165146
Ethereum,2023-03-29 00:00:00,1776.0,213909228254.6471,9548011563.71663
Ethereum,2023-03-30 00:00:00,1795.5,216268184816.82077,10395388838.768845
Ethereum,2023-03-31 00:00:00,1792.9,216024475834.15308,10958214915.427898
Ethereum,2023-04-01 00:00:00,1824.0,219903281108.44144,10329452626.6318
Ethereum,2023-04-02 00:00:00,1823.0,219561711559.00998,6199278060.289369
Ethereum,2023-04-03 00:00:00,1797.7,216494189054.4792,6679784659.59878
Ethereum,2023-04-04 00:00:00,1810.5,218499091537.94772,11141583996.17221
Ethereum,2023-04-05 00:00:00,1871.3,225257854355.94864,11580514457.961863
Ethereum,2023-04-06 00:00:00,1911.3,230370056366.2714,11586484696.705976
Ethereum,2023-04-07 00:00:00,1872.2,225549620778.91388,9208408844.045069
Ethereum,2023-04-08 00:00:00,1866.7,224884695655.05383,9298216041.371656
Ethereum,2023-04-09 00:00:00,1851.1,223169245107.38303,5970294474.952573
Ethereum,2023-04-10 00:00:00,1859.9,224219517643.81366,7405572878.99046
Ethereum,2023-04-11 00:00:00,1909.9,230201702660.8635,9639736045.970774
Ethereum,2023-04-12 00:00:00,1892.9,227988460702.9362,10245367683.712158
Ethereum,2023-04-13 00:00:00,1920.2,231476399968.9067,13152150835.227224
Ethereum,2023-04-14 00:00:00,2012.8,242284529486.34308,13956404022.579199
Ethereum,2023-04-15 00:00:00,2102.9,252719453976.0147,17899705467.092876
Ethereum,2023-04-16 00:00:00,2093.2,251586840869.99887,9272832786.084044
Ethereum,2023-04-17 00:00:00,2118.6,253507799906.4971,8879608633.84169
Ethereum,2023-04-18 00:00:00,2077.5,247900016291.37604,10818847581.540735
Ethereum,2023-04-19 00:00:00,2103.3,251100187595.887,10121134598.143476
Ethereum,2023-04-20 00:00:00,1936.4,231458322403.79388,15695628542.024448
Ethereum,2023-04-21 00:00:00,1943.4,233965107542.7419,12422352272.165218
Ethereum,2023-04-22 00:00:00,1850.1,222536195564.3714,13427480065.767443
Ethereum,2023-04-23 00:00:00,1877.5,226130094815.9329,7809497062.825459
Ethereum,2023-04-24 00:00:00,1863.6,224130103074.64252,7375382210.29527
Ethereum,2023-04-25 00:00:00,1842.6,221819334333.29037,9177916724.0864
Ethereum,2023-04-26 00:00:00,1870.6,225096171581.73505,9669740943.905441
Ethereum,2023-04-27 00:00:00,1867.6,224807445929.1713,16137081936.11856
Ethereum,2023-04-28 00:00:00,1910.5,229940294581.2185,17307261170.94721
Ethereum,2023-04-29 00:00:00,1894.4,228152292773.13092,8853391784.29081
Ethereum,2023-04-30 00:00:00,1905.3,229429843509.54,5262009753.405011
Ethereum,2023-05-01 00:00:00,1885.4,227186562478.89902,7328083478.977482
Ethereum,2023-05-02 00:00:00,1832.7,220608989107.97202,9673378163.522745
Ethereum,2023-05-03 00:00:00,1870.8,225192198744.26425,8338110887.912115
Ethereum,2023-05-04 00:00:00,1903.7,229058202737.14035,8855867548.894463
Ethereum,2023-05-05 00:00:00,1877.4,226033834100.12152,7156399180.62065
Ethereum,2023-05-06 00:00:00,1993.6,239911504424.29404,10662067255.96863
Ethereum,2023-05-07 00:00:00,1900.4,228369002903.6794,11135926723.297115
Ethereum,2023-05-08 00:00:00,1895.2,228246618295.44156,6233921635.46938
Ethereum,2023-05-09 00:00:00,1849.3,222406833247.6045,11496171817.833504
Ethereum,2023-05-10 00:00:00,1846.1,222246427487.22958,6373057170.18455
Ethereum,2023-05-11 00:00:00,1842.9,221632027136.72604,10471130832.935846
Ethereum,2023-05-12 00:00:00,1798.1,216323022928.9258,9217787395.589426
Ethereum,2023-05-13 00:00:00,1808.7,217659652941.87607,10530874714.299137
Ethereum,2023-05-14 00:00:00,1797.2,216032102439.73022,5150212384.025403
Ethereum,2023-05-15 00:00:00,1799.0,216439514891.84528,4914907456.467633
Ethereum,2023-05-16 00:00:00,1820.0,218513683684.05072,7655256291.360313
Ethereum,2023-05-17 00:00:00,1823.7,219562064257.98773,6283428506.7716875
Ethereum,2023-05-18 00:00:00,1821.1,219124262711.37402,6647945218.37179
Ethereum,2023-05-19 00:00:00,1802.4,217078808863.77982,6170212643.307527
Ethereum,2023-05-20 00:00:00,1812.1,218083824882.0496,5092669091.509588
Ethereum,2023-05-21 00:00:00,1819.0,218770214155.48007,3117917206.1060295
Ethereum,2023-05-22 00:00:00,1804.9,217302257173.6874,3835867355.2177114
Ethereum,2023-05-23 00:00:00,1818.4,218746186925.56677,5183573151.892912
Ethereum,2023-05-24 00:00:00,1854.2,222906967413.9726,7537701078.994168
Ethereum,2023-05-25 00:00:00,1800.7,216837950430.06705,8000139188.961748
Ethereum,2023-05-26 00:00:00,1805.8,217194191610.31747,7459269403.375004
Ethereum,2023-05-27 00:00:00,1829.0,219969209232.79053,6245753617.103617
Ethereum,2023-05-28 00:00:00,1830.3,220035586188.35385,4068177989.6274643
Ethereum,2023-05-29 00:00:00,1913.8,230041639357.48282,7227287064.56947
Ethereum,2023-05-30 00:00:00,1893.7,227805314887.09955,6762040908.702834
Ethereum,2023-05-31 00:00:00,1901.1,228588229006.90048,6019457141.148654
Ethereum,2023-06-01 00:00:00,1874.7,225483513769.4682,5930556981.74496
Ethereum,2023-06-02 00:00:00,1861.7,223850958023.0443,6237923582.653606
Ethereum,2023-06-03 00:00:00,1907.2,229335461597.8791,6910486182.970303
Ethereum,2023-06-04 00:00:00,1892.1,227515751048.97668,3798117031.9435754
Ethereum,2023-06-05 00:00:00,1893.2,227418753400.94525,4274226592.3982744
Ethereum,2023-06-06 00:00:00,1813.7,218224817446.19363,10887461193.43077
Ethereum,2023-06-07 00:00:00,1883.2,226225955928.72498,9540379707.014326
Ethereum,2023-06-08 00:00:00,1832.3,220285044251.91275,8474108659.099132
Ethereum,2023-06-09 00:00:00,1846.0,222012641423.25446,4854817113.536453
Ethereum,2023-06-10 00:00:00,1839.2,221018802010.85452,5093666796.918479
Ethereum,2023-06-11 00:00:00,1754.7,210950148701.20724,41417850678.713905
Ethereum,2023-06-12 00:00:00,1751.7,210604043872.2481,5031836446.183817
Ethereum,2023-06-13 00:00:00,1742.6,209462687695.93982,6731496663.213711
Ethereum,2023-06-14 00:00:00,1736.8,208703993936.8153,6798862284.580931
Ethereum,2023-06-15 00:00:00,1650.7,198559274296.62064,8025571357.471881
Ethereum,2023-06-16 00:00:00,1665.0,200099209933.71683,8283225649.8762865
Ethereum,2023-06-17 00:00:00,1716.4,206321573355.89554,7008799576.1543255
Ethereum,2023-06-18 00:00:00,1726.4,207595972780.22693,4859690685.481605
Ethereum,2023-06-19 00:00:00,1719.3,206730774198.4613,4084738737.028457
Ethereum,2023-06-20 00:00:00,1734.8,208507638780.89432,5770983890.906085
Ethereum,2023-06-21 00:00:00,1790.2,215060967094.14032,7900259127.350303
Ethereum,2023-06-22 00:00:00,1892.9,227581626984.15152,12294793429.600212
Ethereum,2023-06-23 00:00:00,1874.2,225381084937.87924,9842202528.70774
Ethereum,2023-06-24 00:00:00,1891.3,227419416441.5965,9303341351.32525
Ethereum,2023-06-25 00:00:00,1875.1,225448939889.35513,4889178964.702732
Ethereum,2023-06-26 00:00:00,1899.1,228332438014.13016,7363880089.050316
Ethereum,2023-06-27 00:00:00,1859.8,223061316934.54123,9893270861.839865
Ethereum,2023-06-28 00:00:00,1890.0,227143144300.65317,8806434878.37696
Ethereum,2023-06-29 00:00:00,1828.5,219923192180.68494,6821723542.735137
Ethereum,2023-06-30 00:00:00,1853.4,222892015037.67108,6609358548.632103
Ethereum,2023-07-01 00:00:00,1934.0,232417040695.4234,11695335269.509533
Ethereum,2023-07-02 00:00:00,1924.6,231096044843.46228,5763533551.087498
Ethereum,2023-07-03 00:00:00,1934.0,232373535009.1871,7183593046.18616
Ethereum,2023-07-04 00:00:00,1953.8,234942840998.13855,9155212793.37497
Ethereum,2023-07-05 00:00:00,1937.0,233226523011.07104,6067277571.219523
Ethereum,2023-07-06 00:00:00,1910.5,230045605241.41965,8180984490.329683
Ethereum,2023-07-07 00:00:00,1855.5,223411633998.65668,13544056615.640347
Ethereum,2023-07-08 00:00:00,1869.3,224666147793.60873,8877609275.171074
Ethereum,2023-07-09 00:00:00,1864.9,224139520023.71573,5224435476.270515
Ethereum,2023-07-10 00:00:00,1866.9,224416034755.06198,2772113286.210201
Ethereum,2023-07-11 00:00:00,1875.3,225295266243.27637,8878301263.054636
Ethereum,2023-07-12 00:00:00,1875.9,225467256388.71954,5503014510.733429
Ethereum,2023-07-13 00:00:00,1873.5,225081147081.1057,7979716345.7745495
Ethereum,2023-07-14 00:00:00,2003.3,240656450975.35602,12253238016.103119
Ethereum,2023-07-15 00:00:00,1935.9,232297518076.90158,13163947666.120016
Ethereum,2023-07-16 00:00:00,1931.4,232081207333.19733,4430406660.749946
Ethereum,2023-07-17 00:00:00,1923.0,230847045457.2026,4551682234.721218
Ethereum,2023-07-18 00:00:00,1912.1,229772643177.76273,7684722413.234391
Ethereum,2023-07-19 00:00:00,1897.2,227853365302.58752,9120475118.907444
Ethereum,2023-07-20 00:00:00,1889.2,227127167868.42926,8894957096.351507
Ethereum,2023-07-21 00:00:00,1891.0,227484313829.40802,11204166583.061834
Ethereum,2023-07-22 00:00:00,1891.5,227467577018.69775,6309767940.447504
Ethereum,2023-07-23 00:00:00,1858.3,223308803225.0452,5837098870.775477
Ethereum,2023-07-24 00:00:00,1887.8,226861079166.83176,6531824636.513696
Ethereum,2023-07-25 00:00:00,1850.4,222318417477.21103,9438614856.624678
Ethereum,2023-07-26 00:00:00,1857.6,223476900309.93112,4329972807.86323
Ethereum,2023-07-27 00:00:00,1871.5,224855185617.9887,7307465774.976813
Ethereum,2023-07-28 00:00:00,1858.8,223413249190.37912,6626220422.969731
Ethereum,2023-07-29 00:00:00,1874.7,225320465659.74567,4775263924.223373
Ethereum,2023-07-30 00:00:00,1880.9,226074318965.13022,2990426323.771476
Ethereum,2023-07-31 00:00:00,1861.9,223813641443.30435,5791342964.545562
Ethereum,2023-08-01 00:00:00,1857.3,223177200443.95282,6106091989.307732
Ethereum,2023-08-02 00:00:00,1869.7,225952018918.58215,8990773317.298777
Ethereum,2023-08-03 00:00:00,1838.0,220936460217.74472,8178850227.510264
Ethereum,2023-08-04 00:00:00,1835.7,220768212248.9121,5908647350.667135
Ethereum,2023-08-05 00:00:00,1828.5,219476177802.69766,6229669774.689679
Ethereum,2023-08-06 00:00:00,1835.1,220487019493.58868,2952349825.885361
Ethereum,2023-08-07 00:00:00,1826.7,219533986979.75125,2992818475.645687
Ethereum,2023-08-08 00:00:00,1826.9,219422824381.99362,7660232552.642202
Ethereum,2023-08-09 00:00:00,1856.8,223111331723.6391,7498117030.737751
Ethereum,2023-08-10 00:00:00,1855.9,222992437544.13272,6010104016.055266
Ethereum,2023-08-11 00:00:00,1850.9,222411268370.8958,3733537744.9027367
Ethereum,2023-08-12 00:00:00,1847.5,222019374228.76486,3694816570.962365
Ethereum,2023-08-13 00:00:00,1848.5,222069758272.72742,2215986526.7016535
Ethereum,2023-08-14 00:00:00,1839.5,220948326523.33356,3642424563.740612
Ethereum,2023-08-15 00:00:00,1843.5,221564238004.30878,4495324729.871393
Ethereum,2023-08-16 00:00:00,1826.9,219472776850.51178,4416612452.1140585
Ethereum,2023-08-17 00:00:00,1809.5,217444475880.3843,6472231164.689248
Ethereum,2023-08-18 00:00:00,1675.9,201482976932.07773,20962774898.104233
Ethereum,2023-08-19 00:00:00,1660.7,199322878932.42487,11856910739.734947
Ethereum,2023-08-20 00:00:00,1669.2,200676423059.4708,8226872103.119698
Ethereum,2023-08-21 00:00:00,1682.5,202267391138.31247,6156816706.795544
Ethereum,2023-08-22 00:00:00,1666.8,200439393151.86392,6712093708.842867
Ethereum,2023-08-23 00:00:00,1635.2,196541301460.12344,10108448994.686905
Ethereum,2023-08-24 00:00:00,1679.1,201763902449.85114,10823959050.709232
Ethereum,2023-08-25 00:00:00,1658.4,199312028651.97314,6850697254.402818
Ethereum,2023-08-26 00:00:00,1653.4,198709215180.56833,7030468153.067507
Ethereum,2023-08-27 00:00:00,1645.9,197789939427.44342,2322940231.9234123
Ethereum,2023-08-28 00:00:00,1656.9,199214693241.65775,2572900593.8254514
Ethereum,2023-08-29 00:00:00,1653.2,198642500829.7732,4779399186.377881
Ethereum,2023-08-30 00:00:00,1730.2,207724452339.73706,15798207852.361956
Ethereum,2023-08-31 00:00:00,1705.1,205067943948.6809,7523425414.671642
Ethereum,2023-09-01 00:00:00,1645.2,197803774139.33786,11279510278.983656
Ethereum,2023-09-02 00:00:00,1630.6,196004320566.4386,9227778945.887491
Ethereum,2023-09-03 00:00:00,1636.2,196740112479.6953,3262521603.9087152
Ethereum,2023-09-04 00:00:00,1635.4,196612298871.42145,4542394704.482584
Ethereum,2023-09-05 00:00:00,1630.6,195725018396.24792,5906286578.073623
Ethereum,2023-09-06 00:00:00,1633.1,196210323898.26404,6218544481.16628
Ethereum,2023-09-07 00:00:00,1632.9,196288430172.85562,7246472222.521928
Ethereum,2023-09-08 00:00:00,1646.3,197814700367.66592,6834398037.677842
Ethereum,2023-09-09 00:00:00,1636.4,196733382406.69147,7077406725.09963
Ethereum,2023-09-10 00:00:00,1634.4,196524550291.2688,2588492462.723674
Ethereum,2023-09-11 00:00:00,1617.5,194563248123.99646,6682429116.848482
Ethereum,2023-09-12 00:00:00,1549.9,186283839916.62595,12284774715.493246
Ethereum,2023-09-13 00:00:00,1595.0,191687080858.3302,11290460280.977287
Ethereum,2023-09-14 00:00:00,1607.7,193243620018.56186,7824745808.137917
Ethereum,2023-09-15 00:00:00,1626.4,195463813946.39197,8399894536.861646
Ethereum,2023-09-16 00:00:00,1641.9,197321595722.87198,6794504241.698757
Ethereum,2023-09-17 00:00:00,1634.4,196489101206.889,4301244951.269605
Ethereum,2023-09-18 00:00:00,1622.5,194894815433.29318,4510503165.4192705
Ethereum,2023-09-19 00:00:00,1636.6,196866517080.99243,9941458718.149675
Ethereum,2023-09-20 00:00:00,1643.7,197579394306.666,7059055142.620994
Ethereum,2023-09-21 00:00:00,1621.5,195238284476.48944,8720556237.90573
Ethereum,2023-09-22 00:00:00,1583.8,190533550315.61185,8689409317.938787
Ethereum,2023-09-23 00:00:00,1593.5,191671036661.16183,5032536233.345791
Ethereum,2023-09-24 00:00:00,1593.2,191463785607.09103,2737157669.674098
Ethereum,2023-09-25 00:00:00,1580.5,190012572341.59976,4019151198.2509913
Ethereum,2023-09-26 00:00:00,1588.5,190754565038.93527,5882822941.20384
Ethereum,2023-09-27 00:00:00,1592.5,191614654068.4459,4739690827.753225
Ethereum,2023-09-28 00:00:00,1597.4,192175393181.7551,5727217120.031466
Ethereum,2023-09-29 00:00:00,1652.2,198707180238.38522,13122144914.120922
Ethereum,2023-09-30 00:00:00,1668.0,200591326138.499,11095088769.99322
Ethereum,2023-10-01 00:00:00,1671.0,200867042112.70465,5460542606.6502695
Ethereum,2023-10-02 00:00:00,1733.8,208616290407.59848,8645520966.513845
Ethereum,2023-10-03 00:00:00,1665.3,200172602294.2138,14431074410.00186
Ethereum,2023-10-04 00:00:00,1656.3,199352909263.54996,7250285380.42555
Ethereum,2023-10-05 00:00:00,1648.2,198232748756.17667,8175156481.925116
Ethereum,2023-10-06 00:00:00,1613.0,193905617404.47992,8787267282.127947
Ethereum,2023-10-07 00:00:00,1646.4,197904394911.01013,8345308634.790774
Ethereum,2023-10-08 00:00:00,1635.1,196552291634.25327,3685199369.8299108
Ethereum,2023-10-09 00:00:00,1634.2,196420396270.57187,5142739595.525261
Ethereum,2023-10-10 00:00:00,1580.2,190023356509.71805,10498003428.260439
Ethereum,2023-10-11 00:00:00,1567.5,188607402750.23563,8495369532.839566
Ethereum,2023-10-12 00:00:00,1564.9,188207961818.06888,8015939736.17274
Ethereum,2023-10-13 00:00:00,1536.8,184921581767.45752,9246820572.20174
Ethereum,2023-10-14 00:00:00,1551.0,186499171781.44952,7362297687.284468
Ethereum,2023-10-15 00:00:00,1555.5,187282206956.7056,3481897793.4944234
Ethereum,2023-10-16 00:00:00,1557.8,187396158882.85187,4201310278.827138
Ethereum,2023-10-17 00:00:00,1601.2,192317986892.35892,14887178566.969343
Ethereum,2023-10-18 00:00:00,1565.1,188245637231.07706,7529155375.240333
Ethereum,2023-10-19 00:00:00,1564.1,188182177984.6937,7161437899.834143
Ethereum,2023-10-20 00:00:00,1568.4,188300682203.6159,8131899029.010305
Ethereum,2023-10-21 00:00:00,1603.9,192964601205.1603,10739505720.057476
Ethereum,2023-10-22 00:00:00,1629.3,195866648537.69147,6818675335.582143
Ethereum,2023-10-23 00:00:00,1664.6,197491207720.22275,8470836764.501468
Ethereum,2023-10-24 00:00:00,1764.9,212527885674.17044,23272549997.825783
Ethereum,2023-10-25 00:00:00,1784.8,214740097898.5592,28137390855.35382
Ethereum,2023-10-25 16:44:12,1785.0,215717643298.86273,17714728522.44738
Tether,2022-10-26 00:00:00,1.0,68515959469.884926,52750656997.382195
Tether,2022-10-27 00:00:00,1.0,68539062510.87245,66871458415.177536
Tether,2022-10-28 00:00:00,1.0,68889141732.72426,56959640808.52499
Tether,2022-10-29 00:00:00,1.0,68964914947.12599,51258331483.202354
Tether,2022-10-30 00:00:00,1.0,69095205493.06725,58797054524.7859
Tether,2022-10-31 00:00:00,1.0,69094359478.10323,44213807579.337006
Tether,2022-11-01 00:00:00,1.0,69380585989.30975,56271256469.37851
Tether,2022-11-02 00:00:00,1.0,69425689152.10635,57085293472.77686
Tether,2022-11-03 00:00:00,1.0,69431437615.846,70398948700.71053
Tether,2022-11-04 00:00:00,1.0,69350142130.99507,61098517917.25042
Tether,2022-11-05 00:00:00,1.0,69355263616.87975,107040637620.13431
Tether,2022-11-06 00:00:00,1.0,69350525154.05742,79264413865.44206
Tether,2022-11-07 00:00:00,1.0,69346001162.83171,73874199409.92229
Tether,2022-11-08 00:00:00,1.0,69511154153.31842,93016469924.66942
Tether,2022-11-09 00:00:00,1.0,69513632100.61911,129388386062.14882
Tether,2022-11-10 00:00:00,1.0,69466521505.56256,108993876463.31145
Tether,2022-11-11 00:00:00,1.0,68441044955.661415,98327010463.73619
Tether,2022-11-12 00:00:00,1.0,68399398020.52115,63335359287.79127
Tether,2022-11-13 00:00:00,1.0,67396572037.204094,33697110284.29813
Tether,2022-11-14 00:00:00,1.0,66441439081.88792,31356687807.689552
Tether,2022-11-15 00:00:00,1.0,66459223430.902054,52391831358.02371
Tether,2022-11-16 00:00:00,1.0,66125312403.21258,38525546061.9857
Tether,2022-11-17 00:00:00,1.0,66019772913.77536,36791792662.71105
Tether,2022-11-18 00:00:00,1.0,65972069594.07388,30033424551.30771
Tether,2022-11-19 00:00:00,1.0,65986696851.80106,27854759035.62173
Tether,2022-11-20 00:00:00,1.0,65965182392.95004,17132635759.571655
Tether,2022-11-21 00:00:00,1.0,65964018960.94639,25402529237.82819
Tether,2022-11-22 00:00:00,1.0,65939717655.37897,45020483379.111
Tether,2022-11-23 00:00:00,1.0,65597886005.57602,36813082386.050674
Tether,2022-11-24 00:00:00,1.0,65543712562.18742,38156998382.6669
Tether,2022-11-25 00:00:00,1.0,65367598699.39223,31046703494.934116
Tether,2022-11-26 00:00:00,1.0,65345701967.116714,26511192322.847065
Tether,2022-11-27 00:00:00,1.0,65338517247.26141,25414680533.209244
Tether,2022-11-28 00:00:00,1.0,65432655693.52283,23338998168.71224
Tether,2022-11-29 00:00:00,1.0,65361591999.46574,33916231626.976875
Tether,2022-11-30 00:00:00,1.0,65366405161.820755,32619584473.59502
Tether,2022-12-01 00:00:00,1.0,65511131600.92582,40073068049.005104
Tether,2022-12-02 00:00:00,1.0,65641200262.3192,30289334225.19933
Tether,2022-12-03 00:00:00,1.0,65388426943.75712,27666464715.01044
Tether,2022-12-04 00:00:00,1.0,65769558099.30616,20407865657.883003
Tether,2022-12-05 00:00:00,1.0,65557951753.473175,22242975524.12063
Tether,2022-12-06 00:00:00,1.0,65546686928.49787,29795721412.54028
Tether,2022-12-07 00:00:00,1.0,65558601840.21761,26621802985.98367
Tether,2022-12-08 00:00:00,1.0,65717867682.57215,26719301846.90856
Tether,2022-12-09 00:00:00,1.0,65681144306.21768,27612891122.21617
Tether,2022-12-10 00:00:00,1.0,65770950095.572876,27603803218.887566
Tether,2022-12-11 00:00:00,1.0,65729244224.59175,16962637002.471947
Tether,2022-12-12 00:00:00,1.0,65766093056.06259,17480426954.682953
Tether,2022-12-13 00:00:00,1.0,65688467049.99374,28341377733.83306
Tether,2022-12-14 00:00:00,1.0,65815203375.07555,42878758919.11892
Tether,2022-12-15 00:00:00,1.0,65978794246.08342,34288915681.557587
Tether,2022-12-16 00:00:00,1.0,65997016215.353096,27062224028.082382
Tether,2022-12-17 00:00:00,1.0,65770714186.31364,33749705716.237495
Tether,2022-12-18 00:00:00,1.0,66069871457.42192,22424852850.92593
Tether,2022-12-19 00:00:00,1.0,66163136479.42052,14641156832.51097
Tether,2022-12-20 00:00:00,1.0,66174433958.500084,22583858366.235508
Tether,2022-12-21 00:00:00,1.0,66210497794.15593,28627896473.676464
Tether,2022-12-22 00:00:00,1.0,66222410592.693405,19605882459.766457
Tether,2022-12-23 00:00:00,1.0,66253234080.76853,21251719991.77933
Tether,2022-12-24 00:00:00,1.0,66290527437.95575,21612186149.70171
Tether,2022-12-25 00:00:00,1.0,66280331784.85776,11471482054.973747
Tether,2022-12-26 00:00:00,1.0,66260084337.19826,15329932244.94944
Tether,2022-12-27 00:00:00,1.0,66289979631.46615,15260309705.268675
Tether,2022-12-28 00:00:00,1.0,66241360621.11682,20212268347.182465
Tether,2022-12-29 00:00:00,1.0,66232030177.68255,23443876809.13928
Tether,2022-12-30 00:00:00,1.0,66255815696.12944,20857568338.996128
Tether,2022-12-31 00:00:00,1.0,66279043570.31453,20613839547.6005
Tether,2023-01-01 00:00:00,1.0,66226451754.38176,13764722594.02165
Tether,2023-01-02 00:00:00,1.0,66301858477.74817,11425365866.765827
Tether,2023-01-03 00:00:00,1.0,66223251669.25232,17265085804.683693
Tether,2023-01-04 00:00:00,1.0,66274058933.38085,19667731491.260685
Tether,2023-01-05 00:00:00,1.0,66245545660.29001,26466084967.556084
Tether,2023-01-06 00:00:00,1.0,66278648652.01702,20090153260.798477
Tether,2023-01-07 00:00:00,1.0,66263334312.75015,26274408965.5278
Tether,2023-01-08 00:00:00,1.0,66272451611.88523,13126628968.52074
Tether,2023-01-09 00:00:00,1.0,66295359783.54114,16557290439.478527
Tether,2023-01-10 00:00:00,1.0,66315047027.9915,38371608148.876945
Tether,2023-01-11 00:00:00,1.0,66307828854.78396,30382590558.23174
Tether,2023-01-12 00:00:00,1.0,65470424457.41479,32900275874.211308
Tether,2023-01-13 00:00:00,1.0,66278004907.72334,56073842995.37737
Tether,2023-01-14 00:00:00,1.0,66317495370.291145,47848357206.29852
Tether,2023-01-15 00:00:00,1.0,66305842236.8753,67079943134.02112
Tether,2023-01-16 00:00:00,1.0,66370266581.06579,33492739683.695633
Tether,2023-01-17 00:00:00,1.0,66315382010.56667,44340026378.20709
Tether,2023-01-18 00:00:00,1.0,66472290219.18532,40916940820.362335
Tether,2023-01-19 00:00:00,1.0,66549279927.0732,52187459970.83677
Tether,2023-01-20 00:00:00,1.0,66542669715.76394,33784531494.328762
Tether,2023-01-21 00:00:00,1.0,66542663619.61765,46265487171.216606
Tether,2023-01-22 00:00:00,1.0,66376505551.62937,52081373665.21727
Tether,2023-01-23 00:00:00,1.0,66739726193.22115,42222010836.61702
Tether,2023-01-24 00:00:00,1.0,66692161993.527954,45160860744.9084
Tether,2023-01-25 00:00:00,1.0,66885882203.16084,43370440803.62482
Tether,2023-01-26 00:00:00,1.0,67139928234.07279,51482340092.66992
Tether,2023-01-27 00:00:00,1.0,67240886056.865845,45669776007.21412
Tether,2023-01-28 00:00:00,1.0,67373574300.06389,46018664576.11246
Tether,2023-01-29 00:00:00,1.0,67569736303.8954,28907188582.269924
Tether,2023-01-30 00:00:00,1.0,67687123254.52642,44842327473.842926
Tether,2023-01-31 00:00:00,1.0,67779797060.88225,49267517476.44744
Tether,2023-02-01 00:00:00,1.0,67834965073.44664,41165769630.836136
Tether,2023-02-02 00:00:00,1.0,67846146300.35402,47555216435.57039
Tether,2023-02-03 00:00:00,1.0,67892950614.04458,57189832973.14415
Tether,2023-02-04 00:00:00,1.0,68042153687.37086,50793632471.502014
Tether,2023-02-05 00:00:00,1.0,67944713474.216835,29838048924.02014
Tether,2023-02-06 00:00:00,1.0,68114172206.9055,37086074965.91123
Tether,2023-02-07 00:00:00,1.0,68043274844.16859,40249156561.89053
Tether,2023-02-08 00:00:00,1.0,68265208037.89304,48461129566.939766
Tether,2023-02-09 00:00:00,1.0,68160499147.645515,49961937748.3102
Tether,2023-02-10 00:00:00,1.0,68193338996.94423,64697984566.80292
Tether,2023-02-11 00:00:00,1.0,68366557129.943596,52760189299.02264
Tether,2023-02-12 00:00:00,1.0,68457150720.6405,29798554738.12227
Tether,2023-02-13 00:00:00,1.0,68490999406.460625,32098131137.762363
Tether,2023-02-14 00:00:00,1.0,68427597807.13527,58531239696.66817
Tether,2023-02-15 00:00:00,1.0,69541171926.41,60633824927.9751
Tether,2023-02-16 00:00:00,1.0,69502620730.9046,56998699690.78335
Tether,2023-02-17 00:00:00,1.0,69826536196.88829,62944637855.555725
Tether,2023-02-18 00:00:00,1.0,70292722478.4183,64414293061.83208
Tether,2023-02-19 00:00:00,1.0,70285569098.16228,33905087115.017
Tether,2023-02-20 00:00:00,1.0,70451072573.33218,45617031107.12913
Tether,2023-02-21 00:00:00,1.0,70418439340.4688,52168477098.17428
Tether,2023-02-22 00:00:00,1.0,70456590555.39325,52637879766.99426
Tether,2023-02-23 00:00:00,1.0,70766136200.36801,51233553288.689095
Tether,2023-02-24 00:00:00,1.0,70680138527.9615,49981035028.415016
Tether,2023-02-25 00:00:00,1.0,70811129790.09048,49594083160.91451
Tether,2023-02-26 00:00:00,1.0,70832978696.81664,30555751037.081158
Tether,2023-02-27 00:00:00,1.0,70797067115.66945,30368284334.604824
Tether,2023-02-28 00:00:00,1.0,70918517287.47423,35987227108.10623
Tether,2023-03-01 00:00:00,1.0,70926090372.52197,32718069236.408424
Tether,2023-03-02 00:00:00,1.0,71094389016.40314,39912620572.02337
Tether,2023-03-03 00:00:00,1.0,71089143266.10973,34398789164.08141
Tether,2023-03-04 00:00:00,1.0,71194848065.08534,44302959604.19779
Tether,2023-03-05 00:00:00,1.0,71520391290.3789,19021734087.469986
Tether,2023-03-06 00:00:00,1.0,71463081677.24242,20651547846.011684
Tether,2023-03-07 00:00:00,1.0,71606102630.76941,27019419679.632496
Tether,2023-03-08 00:00:00,1.0,71688065511.9664,37662456574.672844
Tether,2023-03-09 00:00:00,1.0,71860457290.5982,35716759861.88099
Tether,2023-03-10 00:00:00,1.0,71814779749.86282,50624387739.9849
Tether,2023-03-11 00:00:00,1.0,72084236470.97087,66020694287.6996
Tether,2023-03-12 00:00:00,1.0,72265947202.17673,67994848432.13668
Tether,2023-03-13 00:00:00,1.0,72386888341.06775,52711790162.64604
Tether,2023-03-14 00:00:00,1.0,73224130980.1188,87780961462.05852
Tether,2023-03-15 00:00:00,1.0,73662783701.2793,88711070851.06427
Tether,2023-03-16 00:00:00,1.0,74750701091.58803,80989287076.21484
Tether,2023-03-17 00:00:00,1.0,74845805871.10883,55711184030.5586
Tether,2023-03-18 00:00:00,1.0,76181018246.9454,46955253597.99999
Tether,2023-03-19 00:00:00,1.0,76220833431.4474,43345175884.0
Tether,2023-03-20 00:00:00,1.0,76784764102.20827,52736294701.00001
Tether,2023-03-21 00:00:00,1.0,76852694601.8154,50214824170.0
Tether,2023-03-22 00:00:00,1.0,77348485075.2475,50999818712.0
Tether,2023-03-23 00:00:00,1.0,77988820276.12372,51748798673.78007
Tether,2023-03-24 00:00:00,1.0,78372882681.58614,32259255206.060497
Tether,2023-03-25 00:00:00,1.0,79581658858.01941,34121646700.66709
Tether,2023-03-26 00:00:00,1.0,79623139461.57642,24400779907.98165
Tether,2023-03-27 00:00:00,1.0,79174842323.5603,23064969258.59126
Tether,2023-03-28 00:00:00,1.0,79555652816.88434,29501041702.53728
Tether,2023-03-29 00:00:00,1.0,79597410585.38544,27646476417.498695
Tether,2023-03-30 00:00:00,1.0,79636370260.18375,32482599442.832207
Tether,2023-03-31 00:00:00,1.0,79708195096.12521,34656392597.79841
Tether,2023-04-01 00:00:00,1.0,79808588133.30806,29874023429.955433
Tether,2023-04-02 00:00:00,1.0,79772056639.103,18039579982.779892
Tether,2023-04-03 00:00:00,1.0,79792660516.37926,18937046329.747795
Tether,2023-04-04 00:00:00,1.0,79874799190.06126,33846295418.619293
Tether,2023-04-05 00:00:00,1.0,80081067435.1964,27307278314.97007
Tether,2023-04-06 00:00:00,1.0,80140266879.62009,27633691850.591934
Tether,2023-04-07 00:00:00,1.0,80188675274.39629,22623151065.65078
Tether,2023-04-08 00:00:00,1.0,80268298419.65393,18548285385.588577
Tether,2023-04-09 00:00:00,1.0,80306857722.22342,17557605161.695118
Tether,2023-04-10 00:00:00,1.0,80310814337.5286,19218489631.17867
Tether,2023-04-11 00:00:00,1.0,80390805147.35063,26264825227.789898
Tether,2023-04-12 00:00:00,1.0,80526255295.43082,28280855887.545532
Tether,2023-04-13 00:00:00,1.0,80667591426.44553,30664802859.927193
Tether,2023-04-14 00:00:00,1.0,80886569881.39658,28798275094.47395
Tether,2023-04-15 00:00:00,1.0,80869263894.07669,38652292144.266685
Tether,2023-04-16 00:00:00,1.0,80993005658.63786,21813314655.312077
Tether,2023-04-17 00:00:00,1.0,80983997260.14981,21180143607.523533
Tether,2023-04-18 00:00:00,1.0,81022519469.1722,29680367897.540672
Tether,2023-04-19 00:00:00,1.0,81124243453.9212,29616720696.275673
Tether,2023-04-20 00:00:00,1.0,81576461707.21233,40775850572.628296
Tether,2023-04-21 00:00:00,1.0,81432223467.57095,33850631738.252155
Tether,2023-04-22 00:00:00,1.0,81482240781.84691,32874452175.146168
Tether,2023-04-23 00:00:00,1.0,81601259475.5642,18029599677.252316
Tether,2023-04-24 00:00:00,1.0,81498022564.96622,17557029367.04201
Tether,2023-04-25 00:00:00,1.0,81561952839.31276,23174575651.24444
Tether,2023-04-26 00:00:00,1.0,81650664075.8101,23815476982.594337
Tether,2023-04-27 00:00:00,1.0,81618274278.07602,42728517018.06984
Tether,2023-04-28 00:00:00,1.0,81714368057.79353,34953224145.46865
Tether,2023-04-29 00:00:00,1.0,81713940555.01346,25277099047.73672
Tether,2023-04-30 00:00:00,1.0,81811659037.79712,13491816831.169899
Tether,2023-05-01 00:00:00,1.0,81834959453.01086,18862210774.189518
Tether,2023-05-02 00:00:00,1.0,81873049553.9293,26517216172.218746
Tether,2023-05-03 00:00:00,1.0,81882894005.45645,22845821557.870777
Tether,2023-05-04 00:00:00,1.0,81989333426.1504,27599627945.409744
Tether,2023-05-05 00:00:00,1.0,82166156610.54845,10260443407.776764
Tether,2023-05-06 00:00:00,1.0,82151905581.7886,18857165134.186428
Tether,2023-05-07 00:00:00,1.0,82239351555.02676,23546975147.57008
Tether,2023-05-08 00:00:00,1.0,81979806768.98271,14673735668.719307
Tether,2023-05-09 00:00:00,1.0,82444600542.1588,31517422203.536057
Tether,2023-05-10 00:00:00,1.0,82501557251.18872,16814773339.949299
Tether,2023-05-11 00:00:00,1.0,82565452645.59608,13254326645.678404
Tether,2023-05-12 00:00:00,1.0,82667039654.89803,24966468466.75595
Tether,2023-05-13 00:00:00,1.0,82799743141.6915,22948485384.837734
Tether,2023-05-14 00:00:00,1.0,83088864855.27592,13610775328.44514
Tether,2023-05-15 00:00:00,1.0,82795486682.09766,12887195724.106913
Tether,2023-05-16 00:00:00,1.0,82803772135.3671,20209244399.28626
Tether,2023-05-17 00:00:00,1.0,82847420820.40103,18183872793.428925
Tether,2023-05-18 00:00:00,1.0,82854296237.72488,15053422109.675333
Tether,2023-05-19 00:00:00,1.0,82877902315.1606,13318816749.052858
Tether,2023-05-20 00:00:00,1.0,82912724184.7996,8386664936.126447
Tether,2023-05-21 00:00:00,1.0,82935921774.5457,6894277527.257222
Tether,2023-05-22 00:00:00,1.0,82951150480.0993,11892096121.553825
Tether,2023-05-23 00:00:00,1.0,82986871465.61473,11515676906.842184
Tether,2023-05-24 00:00:00,1.0,83010344061.6914,16157719373.315718
Tether,2023-05-25 00:00:00,1.0,83087445100.9739,21879143806.39798
Tether,2023-05-26 00:00:00,1.0,83050428815.98918,20626803742.31419
Tether,2023-05-27 00:00:00,1.0,83125090385.81488,10843817553.492998
Tether,2023-05-28 00:00:00,1.0,83115259981.77856,12993634045.74157
Tether,2023-05-29 00:00:00,1.0,83238961008.24347,16818048302.619102
Tether,2023-05-30 00:00:00,1.0,83179557093.94339,20805714567.75866
Tether,2023-05-31 00:00:00,1.0,83178632658.51576,18100413202.709904
Tether,2023-06-01 00:00:00,1.0,83259425002.24538,20382863080.558514
Tether,2023-06-02 00:00:00,1.0,83245325860.45761,11938083548.876156
Tether,2023-06-03 00:00:00,1.0,83185392884.92227,14132729009.724371
Tether,2023-06-04 00:00:00,1.0,83181185644.95522,12505685639.732773
Tether,2023-06-05 00:00:00,1.0,83202873665.42276,12091623951.906898
Tether,2023-06-06 00:00:00,1.0,83214677269.12456,20606961636.880287
Tether,2023-06-07 00:00:00,1.0,83215224249.20848,28583258275.355717
Tether,2023-06-08 00:00:00,1.0,83294694375.8993,26966533466.848427
Tether,2023-06-09 00:00:00,1.0,83314341457.23004,16157443170.739286
Tether,2023-06-10 00:00:00,1.0,83340103621.55147,10133131764.691437
Tether,2023-06-11 00:00:00,1.0,83392178490.08475,30912006845.126934
Tether,2023-06-12 00:00:00,1.0,83421999682.59865,15722496984.665714
Tether,2023-06-13 00:00:00,1.0,83412876219.14725,19555473232.616512
Tether,2023-06-14 00:00:00,1.0,83477452867.17456,17999665062.59847
Tether,2023-06-15 00:00:00,1.0,83520295613.2809,14333003063.97966
Tether,2023-06-16 00:00:00,1.0,83531769676.53441,19100399151.19726
Tether,2023-06-17 00:00:00,1.0,83512114862.29964,20825513615.74261
Tether,2023-06-18 00:00:00,1.0,83510630760.90634,12921626224.316065
Tether,2023-06-19 00:00:00,1.0,83130615716.81691,12287433243.243479
Tether,2023-06-20 00:00:00,1.0,83176269486.24306,12696832719.279644
Tether,2023-06-21 00:00:00,1.0,83135121982.19963,20880943880.76952
Tether,2023-06-22 00:00:00,1.0,83170086674.34586,37604348904.13151
Tether,2023-06-23 00:00:00,1.0,83172721039.26547,13604556265.466303
Tether,2023-06-24 00:00:00,1.0,83349230026.90846,27490690982.21527
Tether,2023-06-25 00:00:00,1.0,83310443944.22711,13928337335.107206
Tether,2023-06-26 00:00:00,1.0,83241756372.50633,14651066137.016628
Tether,2023-06-27 00:00:00,1.0,83129801763.55685,22557703195.955856
Tether,2023-06-28 00:00:00,1.0,83283881739.39743,20500258844.818214
Tether,2023-06-29 00:00:00,1.0,83317728409.27911,17418987220.982967
Tether,2023-06-30 00:00:00,1.0,83395956301.867,16112541256.837347
Tether,2023-07-01 00:00:00,1.0,83284621552.31244,40611671688.7483
Tether,2023-07-02 00:00:00,1.0,83335613301.6225,9513166274.446636
Tether,2023-07-03 00:00:00,1.0,83275413162.65305,9641964189.840517
Tether,2023-07-04 00:00:00,1.0,83340559709.13902,23818500312.616814
Tether,2023-07-05 00:00:00,1.0,83379982352.33514,16421946137.034252
Tether,2023-07-06 00:00:00,1.0,83318318450.32018,15763916837.270567
Tether,2023-07-07 00:00:00,1.0,83485321161.53781,29431199350.180206
Tether,2023-07-08 00:00:00,1.0,83361580540.12299,11580264459.262157
Tether,2023-07-09 00:00:00,1.0,83400094970.38133,12430990317.222069
Tether,2023-07-10 00:00:00,1.0,83401941911.69394,9027084566.994236
Tether,2023-07-11 00:00:00,1.0,83357075149.29001,18933578946.95063
Tether,2023-07-12 00:00:00,1.0,83401280506.39957,16799272349.371576
Tether,2023-07-13 00:00:00,1.0,83403277912.52115,17906318480.993587
Tether,2023-07-14 00:00:00,1.0,83325381227.48358,41189381561.33435
Tether,2023-07-15 00:00:00,1.0,83642019367.73041,38115912805.16676
Tether,2023-07-16 00:00:00,1.0,83663934660.37202,14687396233.684244
Tether,2023-07-17 00:00:00,1.0,83509799726.48723,10365851133.897045
Tether,2023-07-18 00:00:00,1.0,83743480630.29497,9569142031.318148
Tether,2023-07-19 00:00:00,1.0,83790732854.88849,20811143044.811424
Tether,2023-07-20 00:00:00,1.0,83734085145.09355,18728809603.79993
Tether,2023-07-21 00:00:00,1.0,83839342615.98102,22829568120.206112
Tether,2023-07-22 00:00:00,1.0,83784332315.95091,19003075543.919186
Tether,2023-07-23 00:00:00,1.0,83804674505.69337,9669080041.186516
Tether,2023-07-24 00:00:00,1.0,83755687819.48451,13086306837.397448
Tether,2023-07-25 00:00:00,1.0,83792795551.98889,23022131554.691906
Tether,2023-07-26 00:00:00,1.0,83790318776.21411,12105247897.253216
Tether,2023-07-27 00:00:00,1.0,83895071911.8851,10714717923.692095
Tether,2023-07-28 00:00:00,1.0,83781752304.07178,13900641436.011621
Tether,2023-07-29 00:00:00,1.0,83827866970.28653,11602381889.644108
Tether,2023-07-30 00:00:00,1.0,83822465176.84192,7077454568.378146
Tether,2023-07-31 00:00:00,1.0,83823744370.67871,13108022081.57921
Tether,2023-08-01 00:00:00,1.0,83791388839.53244,13098215453.817194
Tether,2023-08-02 00:00:00,1.0,83816313473.61049,25377039033.12224
Tether,2023-08-03 00:00:00,1.0,83888527906.0555,23643854095.0633
Tether,2023-08-04 00:00:00,1.0,83841060938.9211,17894208326.919086
Tether,2023-08-05 00:00:00,1.0,83719693334.73195,11293689345.822758
Tether,2023-08-06 00:00:00,1.0,83816979241.18967,8632620439.423523
Tether,2023-08-07 00:00:00,1.0,83751692193.03862,11345706293.528992
Tether,2023-08-08 00:00:00,1.0,83464564710.04935,22713171469.689056
Tether,2023-08-09 00:00:00,1.0,83534670798.40623,25194087093.52214
Tether,2023-08-10 00:00:00,1.0,83496944483.02469,18767301829.031578
Tether,2023-08-11 00:00:00,1.0,83445632345.53148,10890096033.917694
Tether,2023-08-12 00:00:00,1.0,83313809612.89717,8184751224.058282
Tether,2023-08-13 00:00:00,1.0,83355420569.70955,9189020281.947243
Tether,2023-08-14 00:00:00,1.0,83303287526.81169,9254138040.705431
Tether,2023-08-15 00:00:00,1.0,83323482665.83325,12792365654.7868
Tether,2023-08-16 00:00:00,1.0,83089141821.30199,18746693270.259033
Tether,2023-08-17 00:00:00,1.0,83061154615.96309,23160234770.298016
Tether,2023-08-18 00:00:00,1.0,82404783281.48492,39019292538.43321
Tether,2023-08-19 00:00:00,1.0,82846348503.31053,28473299901.716236
Tether,2023-08-20 00:00:00,1.0,82827386555.77365,9788598090.786137
Tether,2023-08-21 00:00:00,1.0,82764346526.22603,12729509298.406403
Tether,2023-08-22 00:00:00,1.0,82809847575.73654,19777521452.342297
Tether,2023-08-23 00:00:00,1.0,82886695209.7922,20941760926.608154
Tether,2023-08-24 00:00:00,1.0,82864808775.04936,16397242853.939163
Tether,2023-08-25 00:00:00,1.0,82792442087.2895,18648629896.88324
Tether,2023-08-26 00:00:00,1.0,82820074363.93916,14089018478.571075
Tether,2023-08-27 00:00:00,1.0,82787056266.82603,6407243752.517049
Tether,2023-08-28 00:00:00,1.0,82810342708.0487,8218750356.642213
Tether,2023-08-29 00:00:00,1.0,82839021147.29135,11714677615.622131
Tether,2023-08-30 00:00:00,1.0,82842798968.823,38825054123.172005
Tether,2023-08-31 00:00:00,1.0,82830657293.57698,22208821239.65877
Tether,2023-09-01 00:00:00,1.0,82859256820.49013,26736239975.960033
Tether,2023-09-02 00:00:00,1.0,82873208039.98825,24096334484.890034
Tether,2023-09-03 00:00:00,1.0,82890642638.24115,15425680202.30254
Tether,2023-09-04 00:00:00,1.0,82840079833.3502,12811397447.458065
Tether,2023-09-05 00:00:00,1.0,82762724711.13287,11327137082.956335
Tether,2023-09-06 00:00:00,1.0,82836564032.4432,16386567318.774214
Tether,2023-09-07 00:00:00,1.0,82872091764.68895,17919400420.672672
Tether,2023-09-08 00:00:00,1.0,82848340323.02254,14679425343.55349
Tether,2023-09-09 00:00:00,1.0,82994464811.03418,14635380657.590971
Tether,2023-09-10 00:00:00,1.0,82979370479.77487,5029617243.085361
Tether,2023-09-11 00:00:00,1.0,82989331119.54132,13887888939.782988
Tether,2023-09-12 00:00:00,1.0,82963209450.55505,22867723004.84801
Tether,2023-09-13 00:00:00,1.0,83082929863.57187,25394159995.853603
Tether,2023-09-14 00:00:00,1.0,83059791981.38634,19018131893.72754
Tether,2023-09-15 00:00:00,1.0,83052483552.6998,13390730027.45687
Tether,2023-09-16 00:00:00,1.0,83007465778.7753,15891527296.867294
Tether,2023-09-17 00:00:00,1.0,83054852766.11803,11493733011.847788
Tether,2023-09-18 00:00:00,1.0,83068058627.53192,11457006652.329876
Tether,2023-09-19 00:00:00,1.0,83094733747.16682,12604172691.303978
Tether,2023-09-20 00:00:00,1.0,83176788712.96616,14658591980.532223
Tether,2023-09-21 00:00:00,1.0,83200799692.07854,19840920902.268326
Tether,2023-09-22 00:00:00,1.0,83189667143.01106,19936587956.746994
Tether,2023-09-23 00:00:00,1.0,83212195829.16446,13709672706.886576
Tether,2023-09-24 00:00:00,1.0,83210015223.57744,7103538234.332737
Tether,2023-09-25 00:00:00,1.0,83212248384.21696,11532606682.337683
Tether,2023-09-26 00:00:00,1.0,83169840527.08276,15758723887.031084
Tether,2023-09-27 00:00:00,1.0,83161369320.4459,14790926361.702896
Tether,2023-09-28 00:00:00,1.0,83193672937.38235,20835641175.51937
Tether,2023-09-29 00:00:00,1.0,83267423241.87346,24003018182.2164
Tether,2023-09-30 00:00:00,1.0,83267971094.07365,18423064553.45019
Tether,2023-10-01 00:00:00,1.0,83258001884.50362,11726685404.643896
Tether,2023-10-02 00:00:00,1.0,83251476137.94423,15589175250.876526
Tether,2023-10-03 00:00:00,1.0,83273336895.26823,29891760389.696728
Tether,2023-10-04 00:00:00,1.0,83352369985.82991,18968946532.83025
Tether,2023-10-05 00:00:00,1.0,83356125474.97917,18870002067.265087
Tether,2023-10-06 00:00:00,1.0,83359091468.14685,10699926250.468801
Tether,2023-10-07 00:00:00,1.0,83413565108.54599,11834902413.817942
Tether,2023-10-08 00:00:00,1.0,83525460690.77596,10349035766.974483
Tether,2023-10-09 00:00:00,1.0,83516000504.2307,11920801631.248154
Tether,2023-10-10 00:00:00,1.0,83524066604.36577,13815466123.723442
Tether,2023-10-11 00:00:00,1.0,83483900707.36946,17573598778.926178
Tether,2023-10-12 00:00:00,1.0,83499673027.41563,15935328780.490284
Tether,2023-10-13 00:00:00,1.0,83483796073.20642,16276519915.317009
Tether,2023-10-14 00:00:00,1.0,83498697221.22173,21144228434.550987
Tether,2023-10-15 00:00:00,1.0,83532889783.10246,9464161872.8052
Tether,2023-10-16 00:00:00,1.0,83559393903.24854,11265586640.081322
Tether,2023-10-17 00:00:00,1.0,83577695008.47903,36459472936.92166
Tether,2023-10-18 00:00:00,1.0,83610268590.54527,16912706728.324085
Tether,2023-10-19 00:00:00,1.0,83694671690.04245,18321259281.80996
Tether,2023-10-20 00:00:00,1.0,83882616971.8118,18489358520.86237
Tether,2023-10-21 00:00:00,1.0,83967018889.96411,28492126581.27448
Tether,2023-10-22 00:00:00,1.0,84189037781.89873,18031853565.592896
Tether,2023-10-23 00:00:00,1.0,84215958770.63538,16751918463.782536
Tether,2023-10-24 00:00:00,1.0,84294092789.52823,47178624829.47798
Tether,2023-10-25 00:00:00,1.0,84345202670.72981,59814379311.518524
Tether,2023-10-25 16:40:00,1.0,84355698681.08838,50847792832.291695
